source,target,label,weight,type
doc:66c898f6afe52b69,domain:www.donaana.gov,,1,
doc:66c898f6afe52b69,auth:Doña Ana County,,1,
doc:647cf75d76a2ffbc,domain:donaanaconm.portal.civicclerk.com,,1,
doc:647cf75d76a2ffbc,auth:Doña Ana County,,1,
doc:81844637337b4e01,domain:donaanaconm.portal.civicclerk.com,,1,
doc:81844637337b4e01,auth:Doña Ana County,,1,
doc:7a0999658513a827,domain:sourcenm.com,,1,
doc:ed84df2a7d85cb69,domain:nmelc.org,,1,
doc:ed84df2a7d85cb69,topic:Data Center,,1,
doc:ed84df2a7d85cb69,topic:Litigation,,1,
doc:b9480bfe2b30a856,domain:nmelc.org,,1,
doc:a7a0da732369ebec,domain:www.courthousenews.com,,1,
doc:4d223b8d9e0208e3,domain:www.newsfromthestates.com,,1,
doc:58fcdee1addaa487,domain:kfoxtv.com,,1,
doc:58fcdee1addaa487,topic:Project Jupiter,,1,
doc:58fcdee1addaa487,topic:Litigation,,1,
doc:aef684f1c267b2b2,domain:spectrumlocalnews.com,,1,
doc:aef684f1c267b2b2,topic:Data Center,,1,
doc:262a2015864418ee,domain:www.youtube.com,,1,
doc:e37fbc0a16a00a25,domain:www.youtube.com,,1,
doc:30849253aa21fae6,domain:youtube.com,,1,
doc:c237aabd9b80272b,domain:www.donaana.gov,,1,
doc:c237aabd9b80272b,auth:Doña Ana County,,1,
doc:f3124d924af7356f,domain:www.donaana.gov,,1,
doc:f3124d924af7356f,auth:Doña Ana County,,1,
doc:260886cea585933b,domain:www.donaana.gov,,1,
doc:260886cea585933b,auth:Doña Ana County,,1,
doc:f495b883e696a335,domain:www.donaana.gov,,1,
doc:f495b883e696a335,auth:Doña Ana County,,1,
doc:6e4e2c8ec2ee9ee2,domain:www.donaana.gov,,1,
doc:6e4e2c8ec2ee9ee2,auth:Doña Ana County,,1,
doc:45150d1efb58a54b,domain:www.donaana.gov,,1,
doc:45150d1efb58a54b,auth:Doña Ana County,,1,
doc:71594251c4c79651,domain:www.donaana.gov,,1,
doc:71594251c4c79651,auth:Doña Ana County,,1,
doc:bebda9d259e5c614,domain:www.donaana.gov,,1,
doc:bebda9d259e5c614,auth:Doña Ana County,,1,
doc:bd6a1b773949ec4b,domain:www.donaana.gov,,1,
doc:bd6a1b773949ec4b,auth:Doña Ana County,,1,
doc:492b64e8ef3e9632,domain:www.donaana.gov,,1,
doc:492b64e8ef3e9632,auth:Doña Ana County,,1,
doc:a55fd4527657910d,domain:www.donaana.gov,,1,
doc:a55fd4527657910d,auth:Doña Ana County,,1,
doc:f45138babca483de,domain:www.donaana.gov,,1,
doc:f45138babca483de,auth:Doña Ana County,,1,
doc:e6bb6f49ae430ab7,domain:www.donaana.gov,,1,
doc:e6bb6f49ae430ab7,auth:Doña Ana County,,1,
doc:2232a3cb40fe55b2,domain:www.donaana.gov,,1,
doc:2232a3cb40fe55b2,auth:Doña Ana County,,1,
doc:c7377f32997ca193,domain:www.donaana.gov,,1,
doc:c7377f32997ca193,auth:Doña Ana County,,1,
doc:c8bad1048aa4f27d,domain:www.donaana.gov,,1,
doc:c8bad1048aa4f27d,auth:Doña Ana County,,1,
doc:e3ca2e64de40da23,domain:www.donaana.gov,,1,
doc:e3ca2e64de40da23,auth:Doña Ana County,,1,
doc:776451cb6e77d4da,domain:www.donaana.gov,,1,
doc:776451cb6e77d4da,auth:Doña Ana County,,1,
doc:f15e6abe713aa306,domain:www.donaana.gov,,1,
doc:f15e6abe713aa306,auth:Doña Ana County,,1,
doc:17dff29a64a0d5e2,domain:www.donaana.gov,,1,
doc:17dff29a64a0d5e2,auth:Doña Ana County,,1,
doc:1a2cf8155efb8f1f,domain:jobs.donaana.gov,,1,
doc:1a2cf8155efb8f1f,auth:Doña Ana County,,1,
doc:9e70fd61f29165f6,domain:www.donaana.gov,,1,
doc:9e70fd61f29165f6,auth:Doña Ana County,,1,
doc:f8170ab81b876bd1,domain:www.donaana.gov,,1,
doc:f8170ab81b876bd1,auth:Doña Ana County,,1,
doc:a6f8c418f14dc6d9,domain:www.donaana.gov,,1,
doc:a6f8c418f14dc6d9,auth:Doña Ana County,,1,
doc:e338089a10c1c960,domain:www.donaana.gov,,1,
doc:e338089a10c1c960,auth:Doña Ana County,,1,
doc:0cea73bcda5c1bb8,domain:www.donaana.gov,,1,
doc:0cea73bcda5c1bb8,auth:Doña Ana County,,1,
doc:4410c77050a8d0c8,domain:www.donaana.gov,,1,
doc:4410c77050a8d0c8,auth:Doña Ana County,,1,
doc:8681ae8b5f218419,domain:www.donaana.gov,,1,
doc:8681ae8b5f218419,auth:Doña Ana County,,1,
doc:aca4142fe194abc8,domain:www.donaana.gov,,1,
doc:aca4142fe194abc8,auth:Doña Ana County,,1,
doc:e156384902c608e2,domain:www.donaana.gov,,1,
doc:e156384902c608e2,auth:Doña Ana County,,1,
doc:473f5abe52390e8e,domain:www.donaana.gov,,1,
doc:473f5abe52390e8e,auth:Doña Ana County,,1,
doc:bfb4e90b4d62904d,domain:www.donaana.gov,,1,
doc:bfb4e90b4d62904d,auth:Doña Ana County,,1,
doc:5376fa5d16938645,domain:www.donaana.gov,,1,
doc:5376fa5d16938645,auth:Doña Ana County,,1,
doc:2fa8ae10cc2f3889,domain:www.donaana.gov,,1,
doc:2fa8ae10cc2f3889,auth:Doña Ana County,,1,
doc:8c061fde4402f672,domain:www.donaana.gov,,1,
doc:8c061fde4402f672,auth:Doña Ana County,,1,
doc:88ed906c57bd495f,domain:www.donaana.gov,,1,
doc:88ed906c57bd495f,auth:Doña Ana County,,1,
doc:d38b56b283d0ef0c,domain:www.donaana.gov,,1,
doc:d38b56b283d0ef0c,auth:Doña Ana County,,1,
doc:393b9bd9bfda67d8,domain:www.donaana.gov,,1,
doc:393b9bd9bfda67d8,auth:Doña Ana County,,1,
doc:7a29ff24df20ac08,domain:www.donaana.gov,,1,
doc:7a29ff24df20ac08,auth:Doña Ana County,,1,
doc:9ac6fb3c43369748,domain:www.donaana.gov,,1,
doc:9ac6fb3c43369748,auth:Doña Ana County,,1,
doc:955d3407166449be,domain:www.donaana.gov,,1,
doc:955d3407166449be,auth:Doña Ana County,,1,
doc:37ad357dff959550,domain:www.donaana.gov,,1,
doc:37ad357dff959550,auth:Doña Ana County,,1,
doc:408ea2fc8311073c,domain:www.donaana.gov,,1,
doc:408ea2fc8311073c,auth:Doña Ana County,,1,
doc:d913e304cf5dc58a,domain:www.donaana.gov,,1,
doc:d913e304cf5dc58a,auth:Doña Ana County,,1,
doc:93241a9c8a0e65aa,domain:www.donaana.gov,,1,
doc:93241a9c8a0e65aa,auth:Doña Ana County,,1,
doc:f96ec0729741b0af,domain:www.donaana.gov,,1,
doc:f96ec0729741b0af,auth:Doña Ana County,,1,
doc:4b29e22c1ce1d932,domain:www.donaana.gov,,1,
doc:4b29e22c1ce1d932,auth:Doña Ana County,,1,
doc:f03b57cd1434fbd7,domain:www.donaana.gov,,1,
doc:f03b57cd1434fbd7,auth:Doña Ana County,,1,
doc:1fe416094bd5dd70,domain:www.donaana.gov,,1,
doc:1fe416094bd5dd70,auth:Doña Ana County,,1,
doc:7c6ed2ad5260c159,domain:www.donaana.gov,,1,
doc:7c6ed2ad5260c159,auth:Doña Ana County,,1,
doc:793a02616f9557a2,domain:www.donaana.gov,,1,
doc:793a02616f9557a2,auth:Doña Ana County,,1,
doc:4fdf7b6f4dea09fb,domain:www.donaana.gov,,1,
doc:4fdf7b6f4dea09fb,auth:Doña Ana County,,1,
doc:de5ae55d818df05a,domain:www.donaana.gov,,1,
doc:de5ae55d818df05a,auth:Doña Ana County,,1,
doc:1330eb4d421efbcc,domain:www.donaana.gov,,1,
doc:1330eb4d421efbcc,auth:Doña Ana County,,1,
doc:fb75b4a4a69055a1,domain:www.donaana.gov,,1,
doc:fb75b4a4a69055a1,auth:Doña Ana County,,1,
doc:400074ef58a8776b,domain:www.donaana.gov,,1,
doc:400074ef58a8776b,auth:Doña Ana County,,1,
doc:e82b02f9fe82157a,domain:www.donaana.gov,,1,
doc:e82b02f9fe82157a,auth:Doña Ana County,,1,
doc:cb25193730267b06,domain:www.donaana.gov,,1,
doc:cb25193730267b06,auth:Doña Ana County,,1,
doc:70488d92045bf945,domain:www.donaana.gov,,1,
doc:70488d92045bf945,auth:Doña Ana County,,1,
doc:26fada9e51f2b9a1,domain:www.donaana.gov,,1,
doc:26fada9e51f2b9a1,auth:Doña Ana County,,1,
doc:bb1769601ee7a267,domain:www.donaana.gov,,1,
doc:bb1769601ee7a267,auth:Doña Ana County,,1,
doc:391013053999a464,domain:www.donaana.gov,,1,
doc:391013053999a464,auth:Doña Ana County,,1,
doc:133c6497def5871a,domain:www.donaana.gov,,1,
doc:133c6497def5871a,auth:Doña Ana County,,1,
doc:18c53c6af3926eda,domain:www.donaana.gov,,1,
doc:18c53c6af3926eda,auth:Doña Ana County,,1,
doc:47e9391239bd16a8,domain:www.donaana.gov,,1,
doc:47e9391239bd16a8,auth:Doña Ana County,,1,
doc:ef519eb6991ed0d6,domain:www.donaana.gov,,1,
doc:ef519eb6991ed0d6,auth:Doña Ana County,,1,
doc:e7f0a427a0c3d21a,domain:www.donaana.gov,,1,
doc:e7f0a427a0c3d21a,auth:Doña Ana County,,1,
doc:2e4512ac386c2528,domain:www.donaana.gov,,1,
doc:2e4512ac386c2528,auth:Doña Ana County,,1,
doc:674fbc9da07a2894,domain:www.donaana.gov,,1,
doc:674fbc9da07a2894,auth:Doña Ana County,,1,
doc:3c5654a786f9dc9b,domain:www.donaana.gov,,1,
doc:3c5654a786f9dc9b,auth:Doña Ana County,,1,
doc:2e967723f59ae312,domain:www.donaana.gov,,1,
doc:2e967723f59ae312,auth:Doña Ana County,,1,
doc:b3580fa1086bdd35,domain:www.donaana.gov,,1,
doc:b3580fa1086bdd35,auth:Doña Ana County,,1,
doc:7725a236af10204d,domain:www.donaana.gov,,1,
doc:7725a236af10204d,auth:Doña Ana County,,1,
doc:90f4f2df2345272f,domain:www.donaana.gov,,1,
doc:90f4f2df2345272f,auth:Doña Ana County,,1,
doc:847cb8714ebfe5e8,domain:www.donaana.gov,,1,
doc:847cb8714ebfe5e8,auth:Doña Ana County,,1,
doc:1018711d382e8b91,domain:www.donaana.gov,,1,
doc:1018711d382e8b91,auth:Doña Ana County,,1,
doc:30b94bfe8cad8086,domain:www.donaana.gov,,1,
doc:30b94bfe8cad8086,auth:Doña Ana County,,1,
doc:30137630a4f3f597,domain:www.donaana.gov,,1,
doc:30137630a4f3f597,auth:Doña Ana County,,1,
doc:11b8738b682125f6,domain:www.donaana.gov,,1,
doc:11b8738b682125f6,auth:Doña Ana County,,1,
doc:e6064681754b3e5c,domain:www.donaana.gov,,1,
doc:e6064681754b3e5c,auth:Doña Ana County,,1,
doc:81a5b023078a605d,domain:www.donaana.gov,,1,
doc:81a5b023078a605d,auth:Doña Ana County,,1,
doc:df01defd00ea9e35,domain:www.donaana.gov,,1,
doc:df01defd00ea9e35,auth:Doña Ana County,,1,
doc:b18824d573cc49be,domain:www.donaana.gov,,1,
doc:b18824d573cc49be,auth:Doña Ana County,,1,
doc:aec06b58218c2d1d,domain:www.donaana.gov,,1,
doc:aec06b58218c2d1d,auth:Doña Ana County,,1,
doc:64b90fd709ab817a,domain:www.donaana.gov,,1,
doc:64b90fd709ab817a,auth:Doña Ana County,,1,
doc:dddcbde621d407eb,domain:www.donaana.gov,,1,
doc:dddcbde621d407eb,auth:Doña Ana County,,1,
doc:b0f42ec7d6fbb8d5,domain:www.donaana.gov,,1,
doc:b0f42ec7d6fbb8d5,auth:Doña Ana County,,1,
doc:2a913abc3307c172,domain:www.donaana.gov,,1,
doc:2a913abc3307c172,auth:Doña Ana County,,1,
doc:b6752f2357df0941,domain:www.donaana.gov,,1,
doc:b6752f2357df0941,auth:Doña Ana County,,1,
doc:fc606c7f93a03958,domain:www.donaana.gov,,1,
doc:fc606c7f93a03958,auth:Doña Ana County,,1,
doc:0bfec612cdfde51f,domain:www.donaana.gov,,1,
doc:0bfec612cdfde51f,auth:Doña Ana County,,1,
doc:f25ebb319f738229,domain:www.donaana.gov,,1,
doc:f25ebb319f738229,auth:Doña Ana County,,1,
doc:ee9942e9f4a8c8ba,domain:www.donaana.gov,,1,
doc:ee9942e9f4a8c8ba,auth:Doña Ana County,,1,
doc:f4250c845ccbe955,domain:www.donaana.gov,,1,
doc:f4250c845ccbe955,auth:Doña Ana County,,1,
doc:13766a3c93e1bb06,domain:www.donaana.gov,,1,
doc:13766a3c93e1bb06,auth:Doña Ana County,,1,
doc:e22e2339fb0a7b9e,domain:www.donaana.gov,,1,
doc:e22e2339fb0a7b9e,auth:Doña Ana County,,1,
doc:b6b6577841d9b6a1,domain:www.donaana.gov,,1,
doc:b6b6577841d9b6a1,auth:Doña Ana County,,1,
doc:c0ddc7c074882fe4,domain:www.donaana.gov,,1,
doc:c0ddc7c074882fe4,auth:Doña Ana County,,1,
doc:61c791a702f4deb4,domain:www.donaana.gov,,1,
doc:61c791a702f4deb4,auth:Doña Ana County,,1,
doc:11606f35457dac41,domain:www.youtube.com,,1,
doc:a55fd4527657910d,domain:www.donaana.gov,,1,
doc:a55fd4527657910d,auth:Doña Ana County,,1,
doc:064077bf25d23141,domain:nmelc.org,,1,
doc:064077bf25d23141,auth:NMED,,1,
doc:6923b05b8f997491,domain:nmelc.org,,1,
doc:b388005bbcce8531,domain:nmelc.org,,1,
doc:0a770531592caa76,domain:nmelc.org,,1,
doc:c89200e1228f597d,domain:nmelc.org,,1,
doc:c89200e1228f597d,topic:Water,,1,
doc:dde8d610b65d419c,domain:nmelc.org,,1,
doc:ad61a6758cd9dc62,domain:nmelc.org,,1,
doc:ad61a6758cd9dc62,auth:NMED,,1,
doc:aab801c7264df004,domain:nmelc.org,,1,
doc:3e2a01379761553f,domain:nmelc.org,,1,
doc:28cfb8d411771407,domain:nmelc.org,,1,
doc:28cfb8d411771407,auth:NMED,,1,
doc:e584e784bb591292,domain:nmelc.org,,1,
doc:cd8afbe1c9ed188a,domain:nmelc.org,,1,
doc:dfca45116ff70d7a,domain:nmelc.org,,1,
doc:57008bf7449ac577,domain:nmelc.org,,1,
doc:9766036a3df23ac9,domain:nmelc.org,,1,
doc:71c323afde6cdbbe,domain:nmelc.org,,1,
doc:6ef1987069e9b39b,domain:nmelc.org,,1,
doc:d51eefaa04c11ba3,domain:nmelc.org,,1,
doc:020f33d5cb285188,domain:nmelc.org,,1,
doc:7a7f19abf3c3bcf7,domain:nmelc.org,,1,
doc:19a38690e9796411,domain:nmelc.org,,1,
doc:478d5e34e5c88130,domain:nmelc.org,,1,
doc:cec8e55267c92d6b,domain:nmelc.org,,1,
doc:33b35d9c5889946a,domain:nmelc.org,,1,
doc:df291ed65517179c,domain:nmelc.org,,1,
doc:df291ed65517179c,auth:NMED,,1,
doc:cebbf78ffdfddebe,domain:nmelc.org,,1,
doc:cebbf78ffdfddebe,auth:NMED,,1,
doc:63b73cde76c9c0b0,domain:nmelc.org,,1,
doc:63b73cde76c9c0b0,auth:NMED,,1,
doc:de6c31fdfde8f63a,domain:nmelc.org,,1,
doc:de6c31fdfde8f63a,auth:NMED,,1,
doc:9946ce4a0734508f,domain:nmelc.org,,1,
doc:a65932fd12759020,domain:nmelc.org,,1,
doc:2a03787372f28a47,domain:nmelc.org,,1,
doc:4dd2456cb63ad26d,domain:nmelc.org,,1,
doc:c07e6300eac588c5,domain:nmelc.org,,1,
doc:09c2917ce043969e,domain:kfoxtv.com,,1,
doc:c831e216fc0b9a69,domain:kfoxtv.com,,1,
doc:5d3fb706aa0960e5,domain:kfoxtv.com,,1,
doc:8f14edaf7e84d0f1,domain:kfoxtv.com,,1,
doc:469b4a9f5a35b5fd,domain:kfoxtv.com,,1,
doc:5c80396f537ce1fe,domain:kfoxtv.com,,1,
doc:5ddcc37da001821d,domain:kfoxtv.com,,1,
doc:d4c73db43b80c790,domain:kfoxtv.com,,1,
doc:cc98e6ae73888258,domain:kfoxtv.com,,1,
doc:9d1b2b1986031ec5,domain:kfoxtv.com,,1,
doc:e65a3a9b9baca0be,domain:kfoxtv.com,,1,
doc:a897cbc562acd53d,domain:kfoxtv.com,,1,
doc:d9c72607331d2acb,domain:kfoxtv.com,,1,
doc:b51f8024e6e4b8c3,domain:kfoxtv.com,,1,
doc:aee4950be802164d,domain:kfoxtv.com,,1,
doc:8bea825352c07844,domain:kfoxtv.com,,1,
doc:7931798ba11c064e,domain:kfoxtv.com,,1,
doc:79c473fee627c57e,domain:kfoxtv.com,,1,
doc:0cab39a95ce91495,domain:kfoxtv.com,,1,
doc:8efd21c60f462a76,domain:kfoxtv.com,,1,
doc:5dc36cd44bbe95b5,domain:kfoxtv.com,,1,
doc:0eed87829063968a,domain:kfoxtv.com,,1,
doc:a0ed752df2cf7530,domain:kfoxtv.com,,1,
doc:fc9939a4dffa2fc9,domain:kfoxtv.com,,1,
doc:6e4edd77de7fb2b9,domain:kfoxtv.com,,1,
doc:19fc16e1f10cc934,domain:kfoxtv.com,,1,
doc:07b6885ddfac2a43,domain:kfoxtv.com,,1,
doc:311a39f09913c41d,domain:kfoxtv.com,,1,
doc:9eb81df84e5fdc0b,domain:kfoxtv.com,,1,
doc:4ab27831061c9ceb,domain:kfoxtv.com,,1,
doc:182fbbefac09515b,domain:kfoxtv.com,,1,
doc:a6dab02e9827a127,domain:kfoxtv.com,,1,
doc:b8e865e356d5fabc,domain:kfoxtv.com,,1,
doc:a424746c14af48a1,domain:kfoxtv.com,,1,
doc:cd63fc7d7a533ba9,domain:kfoxtv.com,,1,
doc:8331a5637da530c3,domain:kfoxtv.com,,1,
doc:9ea82781484b7096,domain:kfoxtv.com,,1,
doc:4f1dc43889fc040f,domain:kfoxtv.com,,1,
doc:4f1dc43889fc040f,topic:Litigation,,1,
doc:6f618ea5d81dc603,domain:kfoxtv.com,,1,
doc:8af17d5a2e0a950b,domain:kfoxtv.com,,1,
doc:a76765b47f1cee88,domain:kfoxtv.com,,1,
doc:a925039908d43557,domain:kfoxtv.com,,1,
doc:bd22a13abb033ac2,domain:kfoxtv.com,,1,
doc:4ca4c80656b6d339,domain:kfoxtv.com,,1,
doc:697a18e4122815df,domain:kfoxtv.com,,1,
doc:0033cbe19430975b,domain:kfoxtv.com,,1,
doc:424ae370bae810f3,domain:kfoxtv.com,,1,
doc:f39be5fad5f5c904,domain:kfoxtv.com,,1,
doc:61a406d864198dfe,domain:kfoxtv.com,,1,
doc:7985fd93ce2ed344,domain:kfoxtv.com,,1,
doc:b846a9fae717b6e6,domain:kfoxtv.com,,1,
doc:1c4d021971bda504,domain:kfoxtv.com,,1,
doc:6617731e442988ea,domain:kfoxtv.com,,1,
doc:76cd5336ca83fdc8,domain:kfoxtv.com,,1,
doc:764c8fac4d8601de,domain:kfoxtv.com,,1,
doc:14c6aa685ee51b70,domain:kfoxtv.com,,1,
doc:d94d4b43eafa4261,domain:kfoxtv.com,,1,
doc:18da5e5dec65a69d,domain:kfoxtv.com,,1,
doc:18da5e5dec65a69d,topic:Ratepayer,,1,
doc:a6e113ada19b599c,domain:kfoxtv.com,,1,
doc:c22f98932e6527a0,domain:kfoxtv.com,,1,
doc:71f0334585947b01,domain:kfoxtv.com,,1,
doc:55e623713a433df7,domain:kfoxtv.com,,1,
doc:0ad05d9b5d0a297e,domain:kfoxtv.com,,1,
doc:c647b4a603876041,domain:kfoxtv.com,,1,
doc:11febb2f7f3b1466,domain:kfoxtv.com,,1,
doc:88f9fb7ed3368055,domain:kfoxtv.com,,1,
doc:2e4dbd44364734f3,domain:kfoxtv.com,,1,
doc:a83124fbc1ae1e8d,domain:kfoxtv.com,,1,
doc:07123ba3d4d68aa3,domain:kfoxtv.com,,1,
doc:1cf2e9960ca3d37b,domain:kfoxtv.com,,1,
doc:da25ea2038e37296,domain:kfoxtv.com,,1,
doc:bf0fa1c793432d82,domain:kfoxtv.com,,1,
doc:4e028b38df57cea6,domain:kfoxtv.com,,1,
doc:8d175040496c7894,domain:kfoxtv.com,,1,
doc:823b3f8245a1d33f,domain:kfoxtv.com,,1,
doc:4367af0d90adf4fc,domain:kfoxtv.com,,1,
doc:a787bd0afa37fc3f,domain:kfoxtv.com,,1,
doc:0ee08f8ed7e351f9,domain:kfoxtv.com,,1,
doc:ee31a3816305014d,domain:kfoxtv.com,,1,
doc:27871a4de2a24286,domain:kfoxtv.com,,1,
doc:3859f431d6e687be,domain:kfoxtv.com,,1,
doc:00bc355fb3237e15,domain:kfoxtv.com,,1,
doc:78ebaa69805a4986,domain:kfoxtv.com,,1,
doc:e4bb132bd7ca9564,domain:kfoxtv.com,,1,
doc:037b3c51a1ab3baf,domain:kfoxtv.com,,1,
doc:602e207f5a867710,domain:kfoxtv.com,,1,
doc:d0875003038df666,domain:kfoxtv.com,,1,
doc:e253429fded74c61,domain:kfoxtv.com,,1,
doc:66cb672d632295c7,domain:kfoxtv.com,,1,
doc:3bea1380deba791c,domain:kfoxtv.com,,1,
doc:9e4e5d136fe39adf,domain:kfoxtv.com,,1,
doc:b2bc4eb5d8506656,domain:kfoxtv.com,,1,
doc:ae0a5f04d464d0fb,domain:kfoxtv.com,,1,
doc:571ccc88b26a6aa1,domain:kfoxtv.com,,1,
doc:f68d97914fecab3b,domain:www.youtube.com,,1,
doc:f9fd12c62057c3fb,domain:kfoxtv.com,,1,
doc:f9fd12c62057c3fb,topic:Project Jupiter,,1,
doc:f9fd12c62057c3fb,topic:Litigation,,1,
doc:4361f3ab3714b1e0,domain:kfoxtv.com,,1,
doc:4361f3ab3714b1e0,topic:Project Jupiter,,1,
doc:4361f3ab3714b1e0,topic:Litigation,,1,
doc:ebc57ead85eed550,domain:kfoxtv.com,,1,
doc:ebc57ead85eed550,topic:Project Jupiter,,1,
doc:ebc57ead85eed550,topic:Litigation,,1,
doc:5f5959e5b18ed6db,domain:kfoxtv.com,,1,
doc:5f5959e5b18ed6db,topic:Project Jupiter,,1,
doc:42bb9f6ff8168af8,domain:kfoxtv.com,,1,
doc:1b458eb932a00684,domain:kfoxtv.com,,1,
doc:1b458eb932a00684,topic:Litigation,,1,
doc:731f1cb09c7bb364,domain:kfoxtv.com,,1,
doc:731f1cb09c7bb364,topic:Data Center,,1,
doc:94468d1a15f41139,domain:kfoxtv.com,,1,
doc:191fb24fb4282f4a,domain:kfoxtv.com,,1,
doc:275e54c6f85708c8,domain:kfoxtv.com,,1,
doc:5b6a3c11d3bac79d,domain:kfoxtv.com,,1,
doc:c8200b9ef60a23aa,domain:kfoxtv.com,,1,
doc:c8200b9ef60a23aa,topic:Data Center,,1,
doc:825ac9969405afe1,domain:kfoxtv.com,,1,
doc:825ac9969405afe1,topic:Project Jupiter,,1,
doc:3f45be176594d16b,domain:kfoxtv.com,,1,
doc:bb60f3d0525c7a42,domain:kfoxtv.com,,1,
doc:45a47f9ec7bc7f64,domain:kfoxtv.com,,1,
doc:39bbb6a38417a7d7,domain:kfoxtv.com,,1,
doc:3daeea5f20deed64,domain:kfoxtv.com,,1,
doc:9213d65f8b5ccfce,domain:kfoxtv.com,,1,
doc:6aa13908213a4c45,domain:kfoxtv.com,,1,
doc:9d60bcc4a055726b,domain:kfoxtv.com,,1,
doc:f33d6d04dfdf9d99,domain:kfoxtv.com,,1,
doc:f33d6d04dfdf9d99,topic:Ratepayer,,1,
doc:3b284d8a86e0cb2b,domain:kfoxtv.com,,1,
doc:b15472155382d547,domain:spectrumlocalnews.com,,1,
doc:8f8d84f3614c78e5,domain:spectrumlocalnews.com,,1,
doc:8fd6a65bc5e400d6,domain:spectrumlocalnews.com,,1,
doc:a5e10dcd25f98b37,domain:spectrumlocalnews.com,,1,
doc:59dd3be6627e4ce4,domain:spectrumlocalnews.com,,1,
doc:a43614f4e806f7d4,domain:spectrumlocalnews.com,,1,
doc:d6021dd6cea459f3,domain:spectrumlocalnews.com,,1,
doc:213ff1fe9530d66c,domain:spectrumlocalnews.com,,1,
doc:6ce13114d8d2bf66,domain:spectrumlocalnews.com,,1,
doc:8b101fe5467c8153,domain:spectrumlocalnews.com,,1,
doc:cf524c58a8323ca9,domain:spectrumlocalnews.com,,1,
doc:0a05f483cc58d4b2,domain:spectrumlocalnews.com,,1,
doc:7df534ae658e6f67,domain:spectrumlocalnews.com,,1,
doc:2345a0732a7d64af,domain:spectrumlocalnews.com,,1,
doc:ce70939f493c3320,domain:spectrumlocalnews.com,,1,
doc:4d36302428d98559,domain:spectrumlocalnews.com,,1,
doc:12f768940456cefd,domain:spectrumlocalnews.com,,1,
doc:9e9bf523abae6397,domain:spectrumlocalnews.com,,1,
doc:9bd98860b40b0f3b,domain:spectrumlocalnews.com,,1,
doc:514ca3b1957dd605,domain:spectrumlocalnews.com,,1,
doc:6a643d63a3be4666,domain:spectrumlocalnews.com,,1,
doc:fc9160e37130daf6,domain:spectrumlocalnews.com,,1,
doc:0ee4919226f00a46,domain:spectrumlocalnews.com,,1,
doc:4b920f4290d1bc15,domain:spectrumlocalnews.com,,1,
doc:7de56c6ada0f46a3,domain:spectrumlocalnews.com,,1,
doc:15c51be0ab92fc14,domain:spectrumlocalnews.com,,1,
doc:d8647a4f39a02f35,domain:spectrumlocalnews.com,,1,
doc:07b20ebd1ffb1aba,domain:spectrumlocalnews.com,,1,
doc:450c428d5e804c83,domain:spectrumlocalnews.com,,1,
doc:5fe2d4a4ac0a910a,domain:spectrumlocalnews.com,,1,
doc:17ace544b9dc9fef,domain:spectrumlocalnews.com,,1,
doc:982be299b36b95da,domain:spectrumlocalnews.com,,1,
doc:9c0e172f5aceaf71,domain:spectrumlocalnews.com,,1,
doc:d03d25c5ce28e425,domain:spectrumlocalnews.com,,1,
doc:ca4b2a9303323fd4,domain:spectrumlocalnews.com,,1,
doc:45e908b7bc5f22d7,domain:spectrumlocalnews.com,,1,
doc:a850e553b918ada6,domain:spectrumlocalnews.com,,1,
doc:a5e10dcd25f98b37,domain:spectrumlocalnews.com,,1,
doc:73110ddad1023777,domain:spectrumlocalnews.com,,1,
doc:162ae8fab3172916,domain:spectrumlocalnews.com,,1,
doc:8ec6b76b5bb4e72a,domain:spectrumlocalnews.com,,1,
doc:3a1e2ab9f3500804,domain:spectrumlocalnews.com,,1,
doc:5fcd6aa7d92614d5,domain:spectrumlocalnews.com,,1,
doc:b03f6d835a4c51a4,domain:spectrumlocalnews.com,,1,
doc:b256247e009ffbfd,domain:www.youtube.com,,1,
doc:b388005bbcce8531,domain:nmelc.org,,1,
doc:0a770531592caa76,domain:nmelc.org,,1,
doc:c89200e1228f597d,domain:nmelc.org,,1,
doc:c89200e1228f597d,topic:Water,,1,
doc:7ba71e8250e563e4,domain:nmelc.org,,1,
doc:50519ec729a5cb85,domain:nmelc.org,,1,
doc:50519ec729a5cb85,topic:Air Quality,,1,
doc:7e4a6457b3836d34,domain:nmelc.org,,1,
doc:7e4a6457b3836d34,topic:Water,,1,
doc:76934c27cf19c7c3,domain:nmelc.org,,1,
doc:ad61a6758cd9dc62,domain:nmelc.org,,1,
doc:ad61a6758cd9dc62,auth:NMED,,1,
doc:9d58b007a8f645d3,domain:nmelc.org,,1,
doc:ce95343f8c4f9782,domain:nmelc.org,,1,
doc:bfc53c8ef2100b4b,domain:nmelc.org,,1,
doc:b8300136ec1e2088,domain:nmelc.org,,1,
doc:7947880dc21d160e,domain:nmelc.org,,1,
doc:c96bd8b43efebf86,domain:nmelc.org,,1,
doc:4dd2456cb63ad26d,domain:nmelc.org,,1,
doc:bb5f8ab8f7280910,domain:nmelc.org,,1,
doc:33b35d9c5889946a,domain:nmelc.org,,1,
doc:19a38690e9796411,domain:nmelc.org,,1,
doc:b388005bbcce8531,domain:nmelc.org,,1,
doc:0a770531592caa76,domain:nmelc.org,,1,
doc:c89200e1228f597d,domain:nmelc.org,,1,
doc:c89200e1228f597d,topic:Water,,1,
doc:3266faf22da9c31a,domain:nmelc.org,,1,
doc:e7d4a58db5a5125e,domain:nmelc.org,,1,
doc:e7d4a58db5a5125e,topic:Air Quality,,1,
doc:e7d4a58db5a5125e,topic:Litigation,,1,
doc:2423c4e59c36cbb5,domain:nmelc.org,,1,
doc:0793395151219404,domain:nmelc.org,,1,
doc:0793395151219404,topic:Air Quality,,1,
doc:2b5e578ac7d01bf6,domain:nmelc.org,,1,
doc:1ddc4e27867f2b55,domain:nmelc.org,,1,
doc:5215bdda47e956ee,domain:nmelc.org,,1,
doc:17825c410ae96298,domain:nmelc.org,,1,
doc:0563874d42082856,domain:nmelc.org,,1,
doc:4965427e62633555,domain:nmelc.org,,1,
doc:9c86257a9a7f3cd1,domain:nmelc.org,,1,
doc:9c86257a9a7f3cd1,topic:Water,,1,
doc:2e81488633b26c70,domain:nmelc.org,,1,
doc:ff24a7b207411850,domain:nmelc.org,,1,
doc:6df084271bcb19b9,domain:nmelc.org,,1,
doc:9ea99878e11dbd4e,domain:nmelc.org,,1,
doc:9ea99878e11dbd4e,topic:Water,,1,
doc:9ea99878e11dbd4e,domain:nmelc.org,,1,
doc:9ea99878e11dbd4e,topic:Water,,1,
doc:04aa3e87ccae25fb,domain:nmelc.org,,1,
doc:04aa3e87ccae25fb,topic:Water,,1,
doc:f3d1131009799ee9,domain:nmelc.org,,1,
doc:d00fc0cd550f769f,domain:nmelc.org,,1,
doc:d00fc0cd550f769f,topic:Air Quality,,1,
doc:28925b402a35159d,domain:nmelc.org,,1,
doc:28925b402a35159d,topic:Air Quality,,1,
doc:3dfe3706383c627b,domain:nmelc.org,,1,
doc:3dfe3706383c627b,topic:Water,,1,
doc:a0855c04060d3b73,domain:nmelc.org,,1,
doc:a5b0be4969db9efb,domain:nmelc.org,,1,
doc:4965427e62633555,domain:nmelc.org,,1,
doc:1ddc4e27867f2b55,domain:nmelc.org,,1,
doc:7a7f19abf3c3bcf7,domain:nmelc.org,,1,
doc:28b1a2fa0b44076f,domain:nmelc.org,,1,
doc:28b1a2fa0b44076f,auth:NMED,,1,
doc:f956aa945337cb40,domain:nmelc.org,,1,
doc:105c9a2e221eb3bf,domain:nmelc.org,,1,
doc:9abf13de7dd7c17a,domain:nmelc.org,,1,
doc:9dbb5b2f8c4d7ff1,domain:nmelc.org,,1,
doc:b0e3df5191a01f47,domain:nmelc.org,,1,
doc:93904256cb5b8d49,domain:nmelc.org,,1,
doc:93904256cb5b8d49,topic:Water,,1,
doc:0563ec5ee80fddf0,domain:nmelc.org,,1,
doc:31110f1eefe3d91e,domain:nmelc.org,,1,
doc:d2e84a8ec4928c63,domain:nmelc.org,,1,
doc:f5574d4225befb82,domain:nmelc.org,,1,
doc:f5574d4225befb82,topic:Water,,1,
doc:1f52fb7b32eaed31,domain:nmelc.org,,1,
doc:4e32282d616a7640,domain:nmelc.org,,1,
doc:e61a3f496d71e7ad,domain:nmelc.org,,1,
doc:10597c0db48d2c81,domain:nmelc.org,,1,
doc:10597c0db48d2c81,topic:Water,,1,
doc:6e3bf3aee0b3a5ac,domain:nmelc.org,,1,
doc:f025f75e9fe3f1a7,domain:nmelc.org,,1,
doc:af8cc15f97e5e181,domain:nmelc.org,,1,
doc:af8cc15f97e5e181,topic:Water,,1,
doc:8c7201a9a81b841f,domain:nmelc.org,,1,
doc:8c7201a9a81b841f,topic:Water,,1,
doc:49593d0bd765814d,domain:nmelc.org,,1,
doc:49593d0bd765814d,topic:Water,,1,
doc:219a49fdcac510d0,domain:nmelc.org,,1,
doc:b17f367471ffa294,domain:nmelc.org,,1,
doc:c501ca9d4b8db566,domain:nmelc.org,,1,
doc:c501ca9d4b8db566,topic:Data Center,,1,
doc:5e76b459a060c78a,domain:nmelc.org,,1,
doc:5e76b459a060c78a,topic:Water,,1,
doc:88efb614c1a05939,domain:nmelc.org,,1,
doc:88efb614c1a05939,topic:Water,,1,
doc:fac2ae7ce2cd7473,domain:nmelc.org,,1,
doc:cd01e4e9c4e70aa8,domain:nmelc.org,,1,
doc:a23ab1dbf6be0e9f,domain:nmelc.org,,1,
doc:ac0c0e241073490b,domain:nmelc.org,,1,
doc:bf4fab660eb85446,domain:nmelc.org,,1,
doc:4fd76923c0eb81c6,domain:nmelc.org,,1,
doc:4fd76923c0eb81c6,auth:NMED,,1,
doc:4dd2456cb63ad26d,domain:nmelc.org,,1,
doc:d4b0b01ffde31a26,domain:nmelc.org,,1,
doc:73dcfdd61522c707,domain:nmelc.org,,1,
doc:f4a4917584b5cf7e,domain:nmelc.org,,1,
doc:14dde5c76b0cf7af,domain:nmelc.org,,1,
doc:ef28326806179694,domain:nmelc.org,,1,
doc:77ac822654e45934,domain:nmelc.org,,1,
doc:d13b98cda114134d,domain:nmelc.org,,1,
doc:deb39197a38c4b4d,domain:nmelc.org,,1,
doc:7b97f8c8ad296518,domain:nmelc.org,,1,
doc:a5373b7172ad9b43,domain:nmelc.org,,1,
doc:914d9b2d87d4a624,domain:nmelc.org,,1,
doc:4be9cb89cf22ec84,domain:nmelc.org,,1,
doc:fb0c93231926e102,domain:nmelc.org,,1,
doc:53c6b9c986d6ee45,domain:nmelc.org,,1,
doc:41dee7943cd3eee1,domain:nmelc.org,,1,
doc:9e83225d9a1757cb,domain:nmelc.org,,1,
doc:c1a068ecd32fe014,domain:nmelc.org,,1,
doc:74cbd7200f73bffc,domain:nmelc.org,,1,
doc:b7b4106368ea02df,domain:nmelc.org,,1,
doc:e4960afe389ca474,domain:nmelc.org,,1,
doc:422bdfe87b1b6d6a,domain:nmelc.org,,1,
doc:9d9cd36735fba8c8,domain:nmelc.org,,1,
doc:7e49f0681e4755b7,domain:nmelc.org,,1,
doc:a62b7d5ea2f71d24,domain:nmelc.org,,1,
doc:8c645c702b83ebcb,domain:nmelc.org,,1,
doc:7a74ea91bb05fe85,domain:nmelc.org,,1,
doc:54a0790bb5463a86,domain:nmelc.org,,1,
doc:8198cdb57b1b41fd,domain:nmelc.org,,1,
doc:2776a6005d0210ec,domain:nmelc.org,,1,
doc:23625eac888be0e4,domain:nmelc.org,,1,
doc:02625c225fc21acd,domain:nmelc.org,,1,
doc:3621a75beda049d5,domain:nmelc.org,,1,
doc:f7801614512f61a7,domain:nmelc.org,,1,
doc:ab46937af17d88f8,domain:nmelc.org,,1,
doc:ef45bca4e088363a,domain:nmelc.org,,1,
doc:4c14400291da8aa7,domain:nmelc.org,,1,
doc:148a5a44d1a52ada,domain:kfoxtv.com,,1,
doc:fd7294b2c27ad959,domain:kfoxtv.com,,1,
doc:c6689124d74347e8,domain:kfoxtv.com,,1,
doc:a159f2e12b00c9f3,domain:kfoxtv.com,,1,
doc:6317790f1cfe93ec,domain:kfoxtv.com,,1,
doc:f588798b5bb77cd8,domain:kfoxtv.com,,1,
doc:c85008022f11894a,domain:kfoxtv.com,,1,
doc:33536fa71496ecec,domain:kfoxtv.com,,1,
doc:81fd2b71a2a0c5f2,domain:kfoxtv.com,,1,
doc:81fd2b71a2a0c5f2,topic:Ratepayer,,1,
doc:a00b99febedaa2a2,domain:kfoxtv.com,,1,
doc:2752c7563e2e8eb8,domain:kfoxtv.com,,1,
doc:99dee9ef26c68797,domain:kfoxtv.com,,1,
doc:4a310a07278343c7,domain:kfoxtv.com,,1,
doc:674de5de8f73b558,domain:kfoxtv.com,,1,
doc:532c197da89e4c4c,domain:kfoxtv.com,,1,
doc:f5ebcb59851129b9,domain:kfoxtv.com,,1,
doc:3c021b59ab6c756f,domain:kfoxtv.com,,1,
doc:b81c6122e3a133e9,domain:kfoxtv.com,,1,
doc:1ef5500c4ff1b7ba,domain:kfoxtv.com,,1,
doc:115dd224b1e45da3,domain:kfoxtv.com,,1,
doc:ec57ffdf25cc2c49,domain:kfoxtv.com,,1,
doc:8fba0f948474325e,domain:kfoxtv.com,,1,
doc:119ca355b3d832e2,domain:kfoxtv.com,,1,
doc:5003dc99b68abac2,domain:kfoxtv.com,,1,
doc:8927f12369ea4660,domain:kfoxtv.com,,1,
doc:d86e7b8ddeb1d416,domain:kfoxtv.com,,1,
doc:78146bcd4ebdf0dc,domain:kfoxtv.com,,1,
doc:4fdd1b638d099227,domain:kfoxtv.com,,1,
doc:4fdd1b638d099227,topic:Ratepayer,,1,
doc:d6739e96f2593f7a,domain:kfoxtv.com,,1,
doc:d6739e96f2593f7a,topic:Ratepayer,,1,
doc:4d6c6338b7a5c1ff,domain:kfoxtv.com,,1,
doc:1ed3ce0a00cff203,domain:kfoxtv.com,,1,
doc:b4b212a78d6b9cd5,domain:kfoxtv.com,,1,
doc:2b95a46b863254b2,domain:www.youtube.com,,1,
doc:d8f801a2234fa2b4,domain:www.youtube.com,,1,
doc:2d4dd85ece82a547,domain:www.youtube.com,,1,
doc:c8188d9d160ac622,domain:spectrumlocalnews.com,,1,
doc:59dd3be6627e4ce4,domain:spectrumlocalnews.com,,1,
doc:fded174d11ca4033,domain:spectrumlocalnews.com,,1,
doc:03bfbf36d200300b,domain:spectrumlocalnews.com,,1,
doc:ae2fa29c54eb0caf,domain:spectrumlocalnews.com,,1,
doc:f1ab8c8c86a42933,domain:spectrumlocalnews.com,,1,
doc:ffcd62808d9422c0,domain:spectrumlocalnews.com,,1,
doc:7e0bc9d0e960895f,domain:spectrumlocalnews.com,,1,
doc:7f8ec084a8a456bb,domain:spectrumlocalnews.com,,1,
doc:d4adaa436d2b6ce9,domain:spectrumlocalnews.com,,1,
doc:c1f652a110b6eeb2,domain:spectrumlocalnews.com,,1,
doc:57c0b6db38eeb974,domain:spectrumlocalnews.com,,1,
doc:0f02a41b0d78296c,domain:spectrumlocalnews.com,,1,
doc:d4c51249b8734f37,domain:spectrumlocalnews.com,,1,
doc:d0e4236622589ddb,domain:spectrumlocalnews.com,,1,
doc:f385b630e9de360c,domain:spectrumlocalnews.com,,1,
doc:fe753aae673c7c77,domain:spectrumlocalnews.com,,1,
doc:f37f3bc5174e345a,domain:spectrumlocalnews.com,,1,
doc:1d7daa8e0684af4d,domain:spectrumlocalnews.com,,1,
doc:62b8db9948c85850,domain:spectrumlocalnews.com,,1,
doc:a512cf020b2a10e6,domain:spectrumlocalnews.com,,1,
doc:c720c78a0e009300,domain:spectrumlocalnews.com,,1,
doc:3eb10705bcd65e89,domain:spectrumlocalnews.com,,1,
doc:fd3c68b4f733e9d2,domain:spectrumlocalnews.com,,1,
doc:4965c1aee0917cd7,domain:spectrumlocalnews.com,,1,
doc:e6ce1beeb1a5e3e5,domain:spectrumlocalnews.com,,1,
doc:45526c74ad6adcfd,domain:spectrumlocalnews.com,,1,
doc:8a4a3cf59c39b77c,domain:spectrumlocalnews.com,,1,
doc:071b43e2b29d8980,domain:spectrumlocalnews.com,,1,
doc:5bb4b12c4dac1794,domain:spectrumlocalnews.com,,1,
doc:9617696b4821a7ad,domain:spectrumlocalnews.com,,1,
doc:6e7f0565eb2c1e50,domain:spectrumlocalnews.com,,1,
doc:2beeda98e61c20e7,domain:spectrumlocalnews.com,,1,
doc:ca1ef6a02e875e53,domain:spectrumlocalnews.com,,1,
doc:e245f65d1d9e607e,domain:spectrumlocalnews.com,,1,
doc:a33bdb39a02d70b5,domain:spectrumlocalnews.com,,1,
doc:e0daae799eaab172,domain:spectrumlocalnews.com,,1,
doc:243f105093962708,domain:spectrumlocalnews.com,,1,
doc:645f5331e1f92f31,domain:spectrumlocalnews.com,,1,
doc:d87f9ba288b05928,domain:spectrumlocalnews.com,,1,
doc:eafe21e5ec65a207,domain:spectrumlocalnews.com,,1,
doc:ea2c7df9e78152b6,domain:spectrumlocalnews.com,,1,
doc:cadcac72e6bf8667,domain:spectrumlocalnews.com,,1,
doc:1c5ff5615e10ef5a,domain:spectrumlocalnews.com,,1,
doc:557cafae6e94fde4,domain:spectrumlocalnews.com,,1,
doc:0fee3d86407fcef0,domain:spectrumlocalnews.com,,1,
doc:43131cfe2a8fdded,domain:spectrumlocalnews.com,,1,
doc:6f71d12c244b21d9,domain:spectrumlocalnews.com,,1,
doc:49a7d1ee6e8fd9c2,domain:spectrumlocalnews.com,,1,
doc:f392e35785906ce7,domain:spectrumlocalnews.com,,1,
doc:1208b7446ae42353,domain:spectrumlocalnews.com,,1,
doc:7ed0e969dea8dbc8,domain:spectrumlocalnews.com,,1,
doc:2b9e48643f733ac2,domain:spectrumlocalnews.com,,1,
doc:a6d86372fb6a0ff0,domain:spectrumlocalnews.com,,1,
doc:3f6725dd56186083,domain:spectrumlocalnews.com,,1,
doc:ae9c66b7dcbd95c7,domain:spectrumlocalnews.com,,1,
doc:5bea2b763f8c31d1,domain:spectrumlocalnews.com,,1,
doc:3e2439a63bc017a2,domain:spectrumlocalnews.com,,1,
doc:357a1430508ae01e,domain:spectrumlocalnews.com,,1,
doc:41b5b811bfb8c205,domain:spectrumlocalnews.com,,1,
doc:882af99c7b382a3d,domain:spectrumlocalnews.com,,1,
doc:9f8c2ac856dae414,domain:spectrumlocalnews.com,,1,
doc:0010dfd831a1208e,domain:spectrumlocalnews.com,,1,
doc:91349832e754a6cb,domain:spectrumlocalnews.com,,1,
doc:5352b0a0ac89fca5,domain:spectrumlocalnews.com,,1,
doc:ab2a7dcd919e4a4a,domain:spectrumlocalnews.com,,1,
doc:3f6725dd56186083,domain:spectrumlocalnews.com,,1,
doc:dde12fc668c26855,domain:spectrumlocalnews.com,,1,
doc:88a177c0150f155f,domain:contentmanager.spectrumlocalnews.com,,1,
doc:5fe2d4a4ac0a910a,domain:spectrumlocalnews.com,,1,
doc:0e820ae47d2016bd,domain:spectrumlocalnews.com,,1,
doc:68ee828a246d8e55,domain:spectrumlocalnews.com,,1,
doc:6033a77971835148,domain:spectrumlocalnews.com,,1,
doc:6d618484b0f576f4,domain:spectrumlocalnews.com,,1,
doc:ae940974590665f5,domain:spectrumlocalnews.com,,1,
doc:de832691eb2d3049,domain:spectrumlocalnews.com,,1,
doc:b9ec071447e04c7b,domain:spectrumlocalnews.com,,1,
doc:2ea694b6cd7402ab,domain:spectrumlocalnews.com,,1,
doc:2245f6aab5a00c41,domain:spectrumlocalnews.com,,1,
doc:ab7a62fd9d4a7333,domain:spectrumlocalnews.com,,1,
doc:53a625c7744c5278,domain:spectrumlocalnews.com,,1,
doc:678c2a1e2e054692,domain:spectrumlocalnews.com,,1,
doc:e58e7e04f30a11bd,domain:spectrumlocalnews.com,,1,
doc:ac78bb72ebdfa750,domain:spectrumlocalnews.com,,1,
doc:4dd55254eb3db753,domain:spectrumlocalnews.com,,1,
doc:a09469cf63a521b1,domain:spectrumlocalnews.com,,1,
doc:9cbd7ede22d408eb,domain:spectrumlocalnews.com,,1,
doc:7b6a872bfb9974d9,domain:spectrumlocalnews.com,,1,
doc:d560d9d0d0819d7f,domain:spectrumlocalnews.com,,1,
doc:b61733c30b2dc51c,domain:spectrumlocalnews.com,,1,
doc:e5862583b266448f,domain:spectrumlocalnews.com,,1,
doc:30f4bdcbc42fe18e,domain:spectrumlocalnews.com,,1,
doc:3fd27d6be32d54dd,domain:spectrumlocalnews.com,,1,
doc:07a60f58f4e68627,domain:spectrumlocalnews.com,,1,
doc:0e820ae47d2016bd,domain:spectrumlocalnews.com,,1,
doc:ba09fb28c0469baf,domain:spectrumlocalnews.com,,1,
doc:aa188e536b3e7b89,domain:spectrumlocalnews.com,,1,
doc:e5e5b0651edfe9cb,domain:spectrumlocalnews.com,,1,
doc:66c898f6afe52b69,domain:www.donaana.gov,,1,
doc:66c898f6afe52b69,auth:Doña Ana County,,1,
doc:647cf75d76a2ffbc,domain:donaanaconm.portal.civicclerk.com,,1,
doc:647cf75d76a2ffbc,auth:Doña Ana County,,1,
doc:7a0999658513a827,domain:sourcenm.com,,1,
doc:ed84df2a7d85cb69,domain:nmelc.org,,1,
doc:ed84df2a7d85cb69,topic:Data Center,,1,
doc:ed84df2a7d85cb69,topic:Litigation,,1,
doc:a7a0da732369ebec,domain:www.courthousenews.com,,1,
doc:4d223b8d9e0208e3,domain:www.newsfromthestates.com,,1,
doc:58fcdee1addaa487,domain:kfoxtv.com,,1,
doc:58fcdee1addaa487,topic:Project Jupiter,,1,
doc:58fcdee1addaa487,topic:Litigation,,1,
doc:aef684f1c267b2b2,domain:spectrumlocalnews.com,,1,
doc:aef684f1c267b2b2,topic:Data Center,,1,
doc:262a2015864418ee,domain:www.youtube.com,,1,
doc:66c898f6afe52b69,domain:www.donaana.gov,,1,
doc:66c898f6afe52b69,auth:Doña Ana County,,1,
doc:647cf75d76a2ffbc,domain:donaanaconm.portal.civicclerk.com,,1,
doc:647cf75d76a2ffbc,auth:Doña Ana County,,1,
doc:7a0999658513a827,domain:sourcenm.com,,1,
doc:ed84df2a7d85cb69,domain:nmelc.org,,1,
doc:ed84df2a7d85cb69,topic:Data Center,,1,
doc:ed84df2a7d85cb69,topic:Litigation,,1,
doc:a7a0da732369ebec,domain:www.courthousenews.com,,1,
doc:4d223b8d9e0208e3,domain:www.newsfromthestates.com,,1,
doc:58fcdee1addaa487,domain:kfoxtv.com,,1,
doc:58fcdee1addaa487,topic:Project Jupiter,,1,
doc:58fcdee1addaa487,topic:Litigation,,1,
doc:aef684f1c267b2b2,domain:spectrumlocalnews.com,,1,
doc:aef684f1c267b2b2,topic:Data Center,,1,
doc:262a2015864418ee,domain:www.youtube.com,,1,
