id,label,group,value
doc:66c898f6afe52b69,"Dona Ana County, NM",doc,1
domain:www.donaana.gov,www.donaana.gov,domain,1
auth:Doña Ana County,Doña Ana County,authority,1
doc:647cf75d76a2ffbc,Public Portal,doc,1
domain:donaanaconm.portal.civicclerk.com,donaanaconm.portal.civicclerk.com,domain,1
doc:81844637337b4e01,Public Portal,doc,1
doc:7a0999658513a827,Just a moment...,doc,1
domain:sourcenm.com,sourcenm.com,domain,1
doc:ed84df2a7d85cb69,Local Community Sues Doña Ana County to Stop Billions of Tax Dollars Going to OpenAI Data Center,doc,1
domain:nmelc.org,nmelc.org,domain,1
topic:Data Center,Data Center,topic,1
topic:Litigation,Litigation,topic,1
doc:b9480bfe2b30a856,doc:b9480bfe2b30a856,doc,1
doc:a7a0da732369ebec,doc:a7a0da732369ebec,doc,1
domain:www.courthousenews.com,www.courthousenews.com,domain,1
doc:4d223b8d9e0208e3,Just a moment...,doc,1
domain:www.newsfromthestates.com,www.newsfromthestates.com,domain,1
doc:58fcdee1addaa487,Community group sues Doña Ana County Commissioners over Project Jupiter approval,doc,1
domain:kfoxtv.com,kfoxtv.com,domain,1
topic:Project Jupiter,Project Jupiter,topic,1
doc:aef684f1c267b2b2,Meta data center in East El Paso concerns local residents,doc,1
domain:spectrumlocalnews.com,spectrumlocalnews.com,domain,1
doc:262a2015864418ee,doc:262a2015864418ee,doc,1
domain:www.youtube.com,www.youtube.com,domain,1
doc:e37fbc0a16a00a25,doc:e37fbc0a16a00a25,doc,1
doc:30849253aa21fae6,doc:30849253aa21fae6,doc,1
domain:youtube.com,youtube.com,domain,1
doc:c237aabd9b80272b,"Dona Ana County, NM",doc,1
doc:f3124d924af7356f,"404. The page/URL requested wasn't found on this page.""404 .Page/URL Not Found""",doc,1
doc:260886cea585933b,"404. The page/URL requested wasn't found on this page.""404 .Page/URL Not Found""",doc,1
doc:f495b883e696a335,"404. The page/URL requested wasn't found on this page.""404 .Page/URL Not Found""",doc,1
doc:6e4e2c8ec2ee9ee2,"404. The page/URL requested wasn't found on this page.""404 .Page/URL Not Found""",doc,1
doc:45150d1efb58a54b,"404. The page/URL requested wasn't found on this page.""404 .Page/URL Not Found""",doc,1
doc:71594251c4c79651,"404. The page/URL requested wasn't found on this page.""404 .Page/URL Not Found""",doc,1
doc:bebda9d259e5c614,"404. The page/URL requested wasn't found on this page.""404 .Page/URL Not Found""",doc,1
doc:bd6a1b773949ec4b,"404. The page/URL requested wasn't found on this page.""404 .Page/URL Not Found""",doc,1
doc:492b64e8ef3e9632,"404. The page/URL requested wasn't found on this page.""404 .Page/URL Not Found""",doc,1
doc:a55fd4527657910d,"404. The page/URL requested wasn't found on this page.""404 .Page/URL Not Found""",doc,1
doc:f45138babca483de,"404. The page/URL requested wasn't found on this page.""404 .Page/URL Not Found""",doc,1
doc:e6bb6f49ae430ab7,"404. The page/URL requested wasn't found on this page.""404 .Page/URL Not Found""",doc,1
doc:2232a3cb40fe55b2,"404. The page/URL requested wasn't found on this page.""404 .Page/URL Not Found""",doc,1
doc:c7377f32997ca193,"404. The page/URL requested wasn't found on this page.""404 .Page/URL Not Found""",doc,1
doc:c8bad1048aa4f27d,"404. The page/URL requested wasn't found on this page.""404 .Page/URL Not Found""",doc,1
doc:e3ca2e64de40da23,"404. The page/URL requested wasn't found on this page.""404 .Page/URL Not Found""",doc,1
doc:776451cb6e77d4da,"404. The page/URL requested wasn't found on this page.""404 .Page/URL Not Found""",doc,1
doc:f15e6abe713aa306,"404. The page/URL requested wasn't found on this page.""404 .Page/URL Not Found""",doc,1
doc:17dff29a64a0d5e2,"404. The page/URL requested wasn't found on this page.""404 .Page/URL Not Found""",doc,1
doc:1a2cf8155efb8f1f,doc:1a2cf8155efb8f1f,doc,1
domain:jobs.donaana.gov,jobs.donaana.gov,domain,1
doc:9e70fd61f29165f6,"404. The page/URL requested wasn't found on this page.""404 .Page/URL Not Found""",doc,1
doc:f8170ab81b876bd1,"404. The page/URL requested wasn't found on this page.""404 .Page/URL Not Found""",doc,1
doc:a6f8c418f14dc6d9,"404. The page/URL requested wasn't found on this page.""404 .Page/URL Not Found""",doc,1
doc:e338089a10c1c960,"404. The page/URL requested wasn't found on this page.""404 .Page/URL Not Found""",doc,1
doc:0cea73bcda5c1bb8,"404. The page/URL requested wasn't found on this page.""404 .Page/URL Not Found""",doc,1
doc:4410c77050a8d0c8,"404. The page/URL requested wasn't found on this page.""404 .Page/URL Not Found""",doc,1
doc:8681ae8b5f218419,"404. The page/URL requested wasn't found on this page.""404 .Page/URL Not Found""",doc,1
doc:aca4142fe194abc8,"404. The page/URL requested wasn't found on this page.""404 .Page/URL Not Found""",doc,1
doc:e156384902c608e2,"404. The page/URL requested wasn't found on this page.""404 .Page/URL Not Found""",doc,1
doc:473f5abe52390e8e,"404. The page/URL requested wasn't found on this page.""404 .Page/URL Not Found""",doc,1
doc:bfb4e90b4d62904d,"404. The page/URL requested wasn't found on this page.""404 .Page/URL Not Found""",doc,1
doc:5376fa5d16938645,"404. The page/URL requested wasn't found on this page.""404 .Page/URL Not Found""",doc,1
doc:2fa8ae10cc2f3889,"404. The page/URL requested wasn't found on this page.""404 .Page/URL Not Found""",doc,1
doc:8c061fde4402f672,"404. The page/URL requested wasn't found on this page.""404 .Page/URL Not Found""",doc,1
doc:88ed906c57bd495f,"404. The page/URL requested wasn't found on this page.""404 .Page/URL Not Found""",doc,1
doc:d38b56b283d0ef0c,"404. The page/URL requested wasn't found on this page.""404 .Page/URL Not Found""",doc,1
doc:393b9bd9bfda67d8,"404. The page/URL requested wasn't found on this page.""404 .Page/URL Not Found""",doc,1
doc:7a29ff24df20ac08,"404. The page/URL requested wasn't found on this page.""404 .Page/URL Not Found""",doc,1
doc:9ac6fb3c43369748,"404. The page/URL requested wasn't found on this page.""404 .Page/URL Not Found""",doc,1
doc:955d3407166449be,"404. The page/URL requested wasn't found on this page.""404 .Page/URL Not Found""",doc,1
doc:37ad357dff959550,"404. The page/URL requested wasn't found on this page.""404 .Page/URL Not Found""",doc,1
doc:408ea2fc8311073c,"404. The page/URL requested wasn't found on this page.""404 .Page/URL Not Found""",doc,1
doc:d913e304cf5dc58a,"404. The page/URL requested wasn't found on this page.""404 .Page/URL Not Found""",doc,1
doc:93241a9c8a0e65aa,"404. The page/URL requested wasn't found on this page.""404 .Page/URL Not Found""",doc,1
doc:f96ec0729741b0af,"404. The page/URL requested wasn't found on this page.""404 .Page/URL Not Found""",doc,1
doc:4b29e22c1ce1d932,"404. The page/URL requested wasn't found on this page.""404 .Page/URL Not Found""",doc,1
doc:f03b57cd1434fbd7,"404. The page/URL requested wasn't found on this page.""404 .Page/URL Not Found""",doc,1
doc:1fe416094bd5dd70,"404. The page/URL requested wasn't found on this page.""404 .Page/URL Not Found""",doc,1
doc:7c6ed2ad5260c159,"404. The page/URL requested wasn't found on this page.""404 .Page/URL Not Found""",doc,1
doc:793a02616f9557a2,"404. The page/URL requested wasn't found on this page.""404 .Page/URL Not Found""",doc,1
doc:4fdf7b6f4dea09fb,"404. The page/URL requested wasn't found on this page.""404 .Page/URL Not Found""",doc,1
doc:de5ae55d818df05a,"404. The page/URL requested wasn't found on this page.""404 .Page/URL Not Found""",doc,1
doc:1330eb4d421efbcc,"404. The page/URL requested wasn't found on this page.""404 .Page/URL Not Found""",doc,1
doc:fb75b4a4a69055a1,"404. The page/URL requested wasn't found on this page.""404 .Page/URL Not Found""",doc,1
doc:400074ef58a8776b,"404. The page/URL requested wasn't found on this page.""404 .Page/URL Not Found""",doc,1
doc:e82b02f9fe82157a,"404. The page/URL requested wasn't found on this page.""404 .Page/URL Not Found""",doc,1
doc:cb25193730267b06,"404. The page/URL requested wasn't found on this page.""404 .Page/URL Not Found""",doc,1
doc:70488d92045bf945,"404. The page/URL requested wasn't found on this page.""404 .Page/URL Not Found""",doc,1
doc:26fada9e51f2b9a1,"404. The page/URL requested wasn't found on this page.""404 .Page/URL Not Found""",doc,1
doc:bb1769601ee7a267,"404. The page/URL requested wasn't found on this page.""404 .Page/URL Not Found""",doc,1
doc:391013053999a464,"404. The page/URL requested wasn't found on this page.""404 .Page/URL Not Found""",doc,1
doc:133c6497def5871a,"404. The page/URL requested wasn't found on this page.""404 .Page/URL Not Found""",doc,1
doc:18c53c6af3926eda,"404. The page/URL requested wasn't found on this page.""404 .Page/URL Not Found""",doc,1
doc:47e9391239bd16a8,"404. The page/URL requested wasn't found on this page.""404 .Page/URL Not Found""",doc,1
doc:ef519eb6991ed0d6,"404. The page/URL requested wasn't found on this page.""404 .Page/URL Not Found""",doc,1
doc:e7f0a427a0c3d21a,"404. The page/URL requested wasn't found on this page.""404 .Page/URL Not Found""",doc,1
doc:2e4512ac386c2528,"404. The page/URL requested wasn't found on this page.""404 .Page/URL Not Found""",doc,1
doc:674fbc9da07a2894,"404. The page/URL requested wasn't found on this page.""404 .Page/URL Not Found""",doc,1
doc:3c5654a786f9dc9b,"404. The page/URL requested wasn't found on this page.""404 .Page/URL Not Found""",doc,1
doc:2e967723f59ae312,"404. The page/URL requested wasn't found on this page.""404 .Page/URL Not Found""",doc,1
doc:b3580fa1086bdd35,"404. The page/URL requested wasn't found on this page.""404 .Page/URL Not Found""",doc,1
doc:7725a236af10204d,"404. The page/URL requested wasn't found on this page.""404 .Page/URL Not Found""",doc,1
doc:90f4f2df2345272f,"404. The page/URL requested wasn't found on this page.""404 .Page/URL Not Found""",doc,1
doc:847cb8714ebfe5e8,"404. The page/URL requested wasn't found on this page.""404 .Page/URL Not Found""",doc,1
doc:1018711d382e8b91,"404. The page/URL requested wasn't found on this page.""404 .Page/URL Not Found""",doc,1
doc:30b94bfe8cad8086,"404. The page/URL requested wasn't found on this page.""404 .Page/URL Not Found""",doc,1
doc:30137630a4f3f597,"404. The page/URL requested wasn't found on this page.""404 .Page/URL Not Found""",doc,1
doc:11b8738b682125f6,"404. The page/URL requested wasn't found on this page.""404 .Page/URL Not Found""",doc,1
doc:e6064681754b3e5c,"404. The page/URL requested wasn't found on this page.""404 .Page/URL Not Found""",doc,1
doc:81a5b023078a605d,"404. The page/URL requested wasn't found on this page.""404 .Page/URL Not Found""",doc,1
doc:df01defd00ea9e35,"404. The page/URL requested wasn't found on this page.""404 .Page/URL Not Found""",doc,1
doc:b18824d573cc49be,"404. The page/URL requested wasn't found on this page.""404 .Page/URL Not Found""",doc,1
doc:aec06b58218c2d1d,"404. The page/URL requested wasn't found on this page.""404 .Page/URL Not Found""",doc,1
doc:64b90fd709ab817a,"404. The page/URL requested wasn't found on this page.""404 .Page/URL Not Found""",doc,1
doc:dddcbde621d407eb,"404. The page/URL requested wasn't found on this page.""404 .Page/URL Not Found""",doc,1
doc:b0f42ec7d6fbb8d5,"404. The page/URL requested wasn't found on this page.""404 .Page/URL Not Found""",doc,1
doc:2a913abc3307c172,"404. The page/URL requested wasn't found on this page.""404 .Page/URL Not Found""",doc,1
doc:b6752f2357df0941,doc:b6752f2357df0941,doc,1
doc:fc606c7f93a03958,doc:fc606c7f93a03958,doc,1
doc:0bfec612cdfde51f,doc:0bfec612cdfde51f,doc,1
doc:f25ebb319f738229,doc:f25ebb319f738229,doc,1
doc:ee9942e9f4a8c8ba,doc:ee9942e9f4a8c8ba,doc,1
doc:f4250c845ccbe955,doc:f4250c845ccbe955,doc,1
doc:13766a3c93e1bb06,doc:13766a3c93e1bb06,doc,1
doc:e22e2339fb0a7b9e,doc:e22e2339fb0a7b9e,doc,1
doc:b6b6577841d9b6a1,doc:b6b6577841d9b6a1,doc,1
doc:c0ddc7c074882fe4,doc:c0ddc7c074882fe4,doc,1
doc:61c791a702f4deb4,"404. The page/URL requested wasn't found on this page.""404 .Page/URL Not Found""",doc,1
doc:11606f35457dac41,doc:11606f35457dac41,doc,1
doc:064077bf25d23141,12/15/25 Follow Up Letter to NMED -Acoma LLC Applications,doc,1
auth:NMED,NMED,authority,1
doc:6923b05b8f997491,OUR WORK,doc,1
doc:b388005bbcce8531,Air,doc,1
doc:0a770531592caa76,Land,doc,1
doc:c89200e1228f597d,Water,doc,1
topic:Water,Water,topic,1
doc:dde8d610b65d419c,Stories,doc,1
doc:ad61a6758cd9dc62,12/12/25 Letter to NMED -Acoma LLC Applications,doc,1
doc:aab801c7264df004,Environmental Justice Series,doc,1
doc:3e2a01379761553f,"Sunland Revisited: People, Power and Environmental Justice on the US-Mexico Border",doc,1
doc:28cfb8d411771407,12/15/25 Follow Up Letter to NMED -Acoma LLC Applications,doc,1
doc:e584e784bb591292,Events,doc,1
doc:cd8afbe1c9ed188a,Videos,doc,1
doc:dfca45116ff70d7a,Newsletters,doc,1
doc:57008bf7449ac577,Eblasts Archive,doc,1
doc:9766036a3df23ac9,ABOUT THE NEW MEXICO ENVIRONMENTAL LAW CENTER,doc,1
doc:71c323afde6cdbbe,No Results Found,doc,1
doc:6ef1987069e9b39b,Job Openings,doc,1
doc:d51eefaa04c11ba3,Contact Us,doc,1
doc:020f33d5cb285188,Support,doc,1
doc:7a7f19abf3c3bcf7,Take Action,doc,1
doc:19a38690e9796411,Future Giving,doc,1
doc:478d5e34e5c88130,Current EJ Business Partners,doc,1
doc:cec8e55267c92d6b,“To say that the New Mexico Environmental Law Center is an asset to the state is an understatement. ”,doc,1
doc:33b35d9c5889946a,Give Now,doc,1
doc:df291ed65517179c,12/15/25 Follow Up Letter to NMED -Acoma LLC Applications,doc,1
doc:cebbf78ffdfddebe,12/15/25 Follow Up Letter to NMED -Acoma LLC Applications,doc,1
doc:63b73cde76c9c0b0,12/15/25 Follow Up Letter to NMED -Acoma LLC Applications,doc,1
doc:de6c31fdfde8f63a,12/12/25 Letter to NMED -Acoma LLC Applications,doc,1
doc:9946ce4a0734508f,Governor’s Response to Our Letter RE: Tritium Venting,doc,1
doc:a65932fd12759020,NMELC Letter to Governor Michelle Lujan Grisham Urging to Halt Tritium Venting,doc,1
doc:2a03787372f28a47,Privacy Policy,doc,1
doc:4dd2456cb63ad26d,Join Our Email List,doc,1
doc:c07e6300eac588c5,doc:c07e6300eac588c5,doc,1
doc:09c2917ce043969e,"El Paso News, Weather, Sports, Breaking News",doc,1
doc:c831e216fc0b9a69,"Las Cruces Fire Department fights apartment blaze, no injuries reported",doc,1
doc:5d3fb706aa0960e5,"ATV rollover near Rio Grande River trail leaves four injured, one in serious condition",doc,1
doc:8f14edaf7e84d0f1,"UFC Holly Holmes returns to boxing, facing El Paso's rising star Stephanie Han",doc,1
doc:469b4a9f5a35b5fd,Texas Western Hall to open as UTEP closes Liberal Arts Building for renovations,doc,1
doc:5c80396f537ce1fe,Local,doc,1
doc:5ddcc37da001821d,Nation & World,doc,1
doc:d4c73db43b80c790,Entertainment,doc,1
doc:cc98e6ae73888258,Offbeat,doc,1
doc:9d1b2b1986031ec5,"El Paso Election | News, Weather, Sports, Breaking News",doc,1
doc:e65a3a9b9baca0be,Videos,doc,1
doc:a897cbc562acd53d,"El Paso Connect to Congress | News, Weather, Sports, Breaking News",doc,1
doc:d9c72607331d2acb,KFOX14 Investigates,doc,1
doc:b51f8024e6e4b8c3,Crime,doc,1
doc:aee4950be802164d,Amazing America,doc,1
doc:8bea825352c07844,In the Courtroom,doc,1
doc:7931798ba11c064e,Military,doc,1
doc:79c473fee627c57e,Links Mentioned,doc,1
doc:0cab39a95ce91495,Special Assignments,doc,1
doc:8efd21c60f462a76,Back to School,doc,1
doc:5dc36cd44bbe95b5,Inside Your World,doc,1
doc:0eed87829063968a,Soar,doc,1
doc:a0ed752df2cf7530,Beyond The Podium,doc,1
doc:fc9939a4dffa2fc9,Question of the Day,doc,1
doc:6e4edd77de7fb2b9,Immigration,doc,1
doc:19fc16e1f10cc934,Spotlight on America,doc,1
doc:07b6885ddfac2a43,El Paso Shooting,doc,1
doc:311a39f09913c41d,Healthy Home,doc,1
doc:9eb81df84e5fdc0b,Addicted America,doc,1
doc:4ab27831061c9ceb,Crisis in the Classroom,doc,1
doc:182fbbefac09515b,"El Paso Weather | News, Weather, Sports, Breaking News",doc,1
doc:a6dab02e9827a127,"El Paso Radar | News, Weather, Sports, Breaking News",doc,1
doc:b8e865e356d5fabc,"El Paso Maps | News, Weather, Sports, Breaking News",doc,1
doc:a424746c14af48a1,Live Weather Cameras,doc,1
doc:cd63fc7d7a533ba9,"El Paso Hurricane Tracker | News, Weather, Sports, Breaking News",doc,1
doc:8331a5637da530c3,Trump's $50 billion healthcare boost targets crisis in rural America,doc,1
doc:9ea82781484b7096,Potential fraud in Minnesota COVID-era lending programs,doc,1
doc:4f1dc43889fc040f,Trump uses veto power to clap back at Indigenous tribe for Alligator Alcatraz lawsuit,doc,1
doc:6f618ea5d81dc603,DC Pipe Bomb suspect will remain locked up ahead of trial,doc,1
doc:8af17d5a2e0a950b,Built in the Borderland,doc,1
doc:a76765b47f1cee88,Spotlight Story,doc,1
doc:a925039908d43557,The Breakdown,doc,1
doc:bd22a13abb033ac2,Open Mic,doc,1
doc:4ca4c80656b6d339,Senior Healthy Living,doc,1
doc:697a18e4122815df,Beyond the Plate,doc,1
doc:0033cbe19430975b,Becoming the Badge,doc,1
doc:424ae370bae810f3,Community Conversations,doc,1
doc:f39be5fad5f5c904,Wellness Watch,doc,1
doc:61a406d864198dfe,Hope on the Spectrum,doc,1
doc:7985fd93ce2ed344,Do Your Job,doc,1
doc:b846a9fae717b6e6,ARC El Paso,doc,1
doc:1c4d021971bda504,Faculty Spotlight,doc,1
doc:6617731e442988ea,School Spotlight,doc,1
doc:76cd5336ca83fdc8,"El Paso Traffic | News, Weather, Sports, Breaking News",doc,1
doc:764c8fac4d8601de,Pedestrian killed in hit-and-run on US-54 in El Paso; police seek information,doc,1
doc:14c6aa685ee51b70,What's Driving You Crazy: What happens next following road damage from a crash?,doc,1
doc:d94d4b43eafa4261,El Paso police respond to early morning car fire in East El Paso,doc,1
doc:18da5e5dec65a69d,What's Driving You Crazy: School traffic congestion frustrates El Paso drivers,doc,1
topic:Ratepayer,Ratepayer,topic,1
doc:a6e113ada19b599c,"El Paso Gas Tracker | News, Weather, Sports, Breaking News",doc,1
doc:c22f98932e6527a0,Traffic News,doc,1
doc:71f0334585947b01,"El Paso El Paso Bridge Times | News, Weather, Sports, Breaking News",doc,1
doc:55e623713a433df7,What’s Driving You Crazy?,doc,1
doc:0ad05d9b5d0a297e,"El Paso Game Center | News, Weather, Sports, Breaking News",doc,1
doc:c647b4a603876041,"El Paso Safe Driving | News, Weather, Sports, Breaking News",doc,1
doc:11febb2f7f3b1466,"El Paso Watch | News, Weather, Sports, Breaking News",doc,1
doc:88f9fb7ed3368055,"El Paso Money | News, Weather, Sports, Breaking News",doc,1
doc:2e4dbd44364734f3,Deposits,doc,1
doc:a83124fbc1ae1e8d,Investing,doc,1
doc:07123ba3d4d68aa3,Mortgages,doc,1
doc:1cf2e9960ca3d37b,Loans,doc,1
doc:da25ea2038e37296,Credit Cards,doc,1
doc:bf0fa1c793432d82,"El Paso Chime In | News, Weather, Sports, Breaking News",doc,1
doc:4e028b38df57cea6,"El Paso Sports | News, Weather, Sports, Breaking News",doc,1
doc:8d175040496c7894,Content,doc,1
doc:823b3f8245a1d33f,Local Sports,doc,1
doc:4367af0d90adf4fc,El Paso Chihuahuas,doc,1
doc:a787bd0afa37fc3f,"El Paso Scoreboard | News, Weather, Sports, Breaking News",doc,1
doc:0ee08f8ed7e351f9,Locomotive,doc,1
doc:ee31a3816305014d,El Paso Rhinos,doc,1
doc:27871a4de2a24286,City Guide,doc,1
doc:3859f431d6e687be,"El Paso Sign Up | News, Weather, Sports, Breaking News",doc,1
doc:00bc355fb3237e15,"El Paso Station | News, Weather, Sports, Breaking News",doc,1
doc:78ebaa69805a4986,"El Paso Contact | News, Weather, Sports, Breaking News",doc,1
doc:e4bb132bd7ca9564,"El Paso People | News, Weather, Sports, Breaking News",doc,1
doc:037b3c51a1ab3baf,"El Paso Schedule | News, Weather, Sports, Breaking News",doc,1
doc:602e207f5a867710,"El Paso Contests | News, Weather, Sports, Breaking News",doc,1
doc:d0875003038df666,Sinclair Cares,doc,1
doc:e253429fded74c61,FOX lounge,doc,1
doc:66cb672d632295c7,Stay Connected with KFOX14 on Social!,doc,1
doc:3bea1380deba791c,Daytime with Kimberly,doc,1
doc:9e4e5d136fe39adf,"El Paso The Team | News, Weather, Sports, Breaking News",doc,1
doc:b2bc4eb5d8506656,Podcasts,doc,1
doc:ae0a5f04d464d0fb,"El Paso EEO | News, Weather, Sports, Breaking News",doc,1
doc:571ccc88b26a6aa1,KFOX FCC Applications,doc,1
doc:f68d97914fecab3b,doc:f68d97914fecab3b,doc,1
doc:f9fd12c62057c3fb,Community group sues Doña Ana County Commissioners over Project Jupiter approval,doc,1
doc:4361f3ab3714b1e0,Community group sues Doña Ana County Commissioners over Project Jupiter approval,doc,1
doc:ebc57ead85eed550,Community group sues Doña Ana County Commissioners over Project Jupiter approval,doc,1
doc:5f5959e5b18ed6db,"El Paso Topic Project Jupiter | News, Weather, Sports, Breaking News",doc,1
doc:42bb9f6ff8168af8,"El Paso Topic Doña Ana County | News, Weather, Sports, Breaking News",doc,1
doc:1b458eb932a00684,"El Paso Topic Lawsuit | News, Weather, Sports, Breaking News",doc,1
doc:731f1cb09c7bb364,"El Paso Topic Data center | News, Weather, Sports, Breaking News",doc,1
doc:94468d1a15f41139,"El Paso Topic Environmental concerns | News, Weather, Sports, Breaking News",doc,1
doc:191fb24fb4282f4a,"El Paso Topic Economic development | News, Weather, Sports, Breaking News",doc,1
doc:275e54c6f85708c8,"El Paso Topic Transparency | News, Weather, Sports, Breaking News",doc,1
doc:5b6a3c11d3bac79d,"El Paso Topic Industrial Revenue Bonds | News, Weather, Sports, Breaking News",doc,1
doc:c8200b9ef60a23aa,Doña Ana County approves $165 billion AI data center despite protests and calls for delay,doc,1
doc:825ac9969405afe1,Project Jupiter ignites debate: Economic tech boom or ecological bane for Borderland?,doc,1
doc:3f45be176594d16b,"El Paso News, Weather, Sports, Breaking News",doc,1
doc:bb60f3d0525c7a42,Las Cruces police video highlights alarming rise in juvenile crime linked to social media,doc,1
doc:45a47f9ec7bc7f64,Fatal crash in northeast El Paso leaves one dead,doc,1
doc:39bbb6a38417a7d7,Immigration raid in El Paso neighborhood leaves residents shaken,doc,1
doc:3daeea5f20deed64,Beloved Borderland artist grapples with cancer diagnosis,doc,1
doc:9213d65f8b5ccfce,El Paso Police seek public help to identify suspects in Adult Video Warehouse theft,doc,1
doc:6aa13908213a4c45,Texas Western Hall to open as UTEP closes Liberal Arts Building for renovations,doc,1
doc:9d60bcc4a055726b,Las Cruces police video highlights alarming rise in juvenile crime linked to social media,doc,1
doc:f33d6d04dfdf9d99,El Paso's Jalisco Cafe celebrates World Menudo Day with free menudo for a year,doc,1
doc:3b284d8a86e0cb2b,Eastlake HS senior performs in 2026 Rose Parade Honor Band,doc,1
doc:b15472155382d547,Spectrum News | Download Our App,doc,1
doc:8f8d84f3614c78e5,WATCH SPECTRUM NEWS 1,doc,1
doc:8fd6a65bc5e400d6,Weather | Austin,doc,1
doc:a5e10dcd25f98b37,Spectrum News,doc,1
doc:59dd3be6627e4ce4,LATEST NEWS,doc,1
doc:a43614f4e806f7d4,Recent Activity,doc,1
doc:d6021dd6cea459f3,Log In | Austin,doc,1
doc:213ff1fe9530d66c,HEADLINES,doc,1
doc:6ce13114d8d2bf66,EDUCATION,doc,1
doc:8b101fe5467c8153,HEALTH,doc,1
doc:cf524c58a8323ca9,SPORTS,doc,1
doc:0a05f483cc58d4b2,Austin Lottery,doc,1
doc:7df534ae658e6f67,Exploring Your Health,doc,1
doc:2345a0732a7d64af,Scholar Athlete,doc,1
doc:ce70939f493c3320,BEYOND THE SPORT,doc,1
doc:4d36302428d98559,doc:4d36302428d98559,doc,1
doc:12f768940456cefd,The Big Deal,doc,1
doc:9e9bf523abae6397,doc:9e9bf523abae6397,doc,1
doc:9bd98860b40b0f3b,LATEST NEWS,doc,1
doc:514ca3b1957dd605,WEATHER BLOG,doc,1
doc:6a643d63a3be4666,LATEST NEWS,doc,1
doc:fc9160e37130daf6,Tropical Storm Season | Spectrum News,doc,1
doc:0ee4919226f00a46,CLIMATE CHANGE,doc,1
doc:4b920f4290d1bc15,Live Traffic Map,doc,1
doc:7de56c6ada0f46a3,Things To Do,doc,1
doc:15c51be0ab92fc14,Newcomers Guide to Austin,doc,1
doc:d8647a4f39a02f35,Community Calendar | Austin,doc,1
doc:07b20ebd1ffb1aba,Submit Event | Austin,doc,1
doc:450c428d5e804c83,Politics | Austin Local Politics,doc,1
doc:5fe2d4a4ac0a910a,CAPITAL TONIGHT,doc,1
doc:17ace544b9dc9fef,AUSTIN CITY HALL,doc,1
doc:982be299b36b95da,Texas Government Guide| Texas Politics,doc,1
doc:9c0e172f5aceaf71,Washington DC Bureau | Politics,doc,1
doc:d03d25c5ce28e425,In Focus | Spectrum News,doc,1
doc:ca4b2a9303323fd4,OUR JOURNALISTS,doc,1
doc:45e908b7bc5f22d7,Mira Spectrum Noticias Texas,doc,1
doc:a850e553b918ada6,LATEST NEWS,doc,1
doc:73110ddad1023777,Contact Us | Austin Texas,doc,1
doc:162ae8fab3172916,About Us | Austin Texas,doc,1
doc:8ec6b76b5bb4e72a,RSS Feeds,doc,1
doc:3a1e2ab9f3500804,Online Video FAQ | Austin Texas,doc,1
doc:5fcd6aa7d92614d5,Sitemap,doc,1
doc:b03f6d835a4c51a4,404,doc,1
doc:b256247e009ffbfd,doc:b256247e009ffbfd,doc,1
doc:7ba71e8250e563e4,Requesting Legal Assistance,doc,1
doc:50519ec729a5cb85,"Mountain View Coalition & NMELC Announce the Filing of Historic Health, Environment & Equity Impacts Regulation to ABQ-BernCo Air Quality Control Board",doc,1
topic:Air Quality,Air Quality,topic,1
doc:7e4a6457b3836d34,Southern NM Residents Demand Accountability from State Officials About Unhealthy Drinking Water,doc,1
doc:76934c27cf19c7c3,doc:76934c27cf19c7c3,doc,1
doc:9d58b007a8f645d3,doc:9d58b007a8f645d3,doc,1
doc:ce95343f8c4f9782,2023 Impact Report,doc,1
doc:bfc53c8ef2100b4b,2020 Impact Report,doc,1
doc:b8300136ec1e2088,doc:b8300136ec1e2088,doc,1
doc:7947880dc21d160e,doc:7947880dc21d160e,doc,1
doc:c96bd8b43efebf86,NMELC Turns 30!,doc,1
doc:bb5f8ab8f7280910,No Results Found,doc,1
doc:3266faf22da9c31a,Honstein Fuel Depot,doc,1
doc:e7d4a58db5a5125e,"Title VI Complaint over air quality in Albuquerque, Bernalillo County",doc,1
doc:2423c4e59c36cbb5,Sunport Boulevard Extension Project,doc,1
doc:0793395151219404,LANL Open-burning and Open-detonation Permits,doc,1
doc:2b5e578ac7d01bf6,Woodward Road Expansion Project,doc,1
doc:1ddc4e27867f2b55,Mount Taylor Mine Return to Active Status,doc,1
doc:5215bdda47e956ee,Mt Taylor u mine,doc,1
doc:17825c410ae96298,LANL stock photo logo wiki,doc,1
doc:0563874d42082856,LANL Cleanup Consent Order Failure,doc,1
doc:4965427e62633555,Proposed Crownpoint Uranium Mine,doc,1
doc:9c86257a9a7f3cd1,Red Water Pond Community Uranium Cleanup,doc,1
doc:2e81488633b26c70,McKinley County Moratorium on Uranium Mining,doc,1
doc:ff24a7b207411850,Santolina Proposed Development,doc,1
doc:6df084271bcb19b9,doc:6df084271bcb19b9,doc,1
doc:9ea99878e11dbd4e,Surface and Groundwater Quality Protection Regulation Amendments,doc,1
doc:04aa3e87ccae25fb,Augustin Plains Ranch Water Rights Application,doc,1
doc:f3d1131009799ee9,Kirtland Air Force Base Jet Fuel Spill,doc,1
doc:d00fc0cd550f769f,LANL Radioactive Liquid Waste Treatment Facility Discharge Permit,doc,1
doc:28925b402a35159d,Copper Flat Mine Permitting,doc,1
doc:3dfe3706383c627b,State Water Plan 2018,doc,1
doc:a0855c04060d3b73,Larry’s Story,doc,1
doc:a5b0be4969db9efb,Maria Elena’s and Betty’s Story,doc,1
doc:28b1a2fa0b44076f,12/15/25 Follow Up Letter to NMED -Acoma LLC Applications,doc,1
doc:f956aa945337cb40,NMELC Responds to Doxxing Incident by Doña Ana County Commissioner,doc,1
doc:105c9a2e221eb3bf,NM Mining Watch Comments on Ablation EA to NRC 9.8.25,doc,1
doc:9abf13de7dd7c17a,doc:9abf13de7dd7c17a,doc,1
doc:9dbb5b2f8c4d7ff1,"Sunland Revisited: People, Power and Environmental Justice on the US-Mexico Border",doc,1
doc:b0e3df5191a01f47,CRRUA Board Moves Meeting Time after Public Pushes for Change,doc,1
doc:93904256cb5b8d49,"Toxic Legacy: Decades After the Spill, Red Water Pond Still Waits for Justice",doc,1
doc:0563ec5ee80fddf0,"46 years later, Diné communities still battle uranium fallout",doc,1
doc:31110f1eefe3d91e,High Priority: New Mexico uranium mining projects get federally fast-tracked amid push for U.S. energy security,doc,1
doc:d2e84a8ec4928c63,Mining US Uranium: Balancing Energy Needs and Environmental Concerns,doc,1
doc:f5574d4225befb82,Sunland Park Sets Course to Absorb Water Utility,doc,1
doc:1f52fb7b32eaed31,"Uranium Mines Outside Grants Named Priority Projects, Could New Mexico’s Pushback Include State Police on Mount Taylor?",doc,1
doc:4e32282d616a7640,Trump’s Push for Southwest Uranium will Face Stiff State Review,doc,1
doc:e61a3f496d71e7ad,CRRUA reports Santa Teresa treatment facility fails arsenic test,doc,1
doc:10597c0db48d2c81,Troubled southern NM water utility reports progress,doc,1
doc:6e3bf3aee0b3a5ac,KUNM promo spot,doc,1
doc:f025f75e9fe3f1a7,Uranium transport through Native Nation sparks concerns in New Mexico,doc,1
doc:af8cc15f97e5e181,Sunland Park residents with discolored drinking water demand action,doc,1
doc:8c7201a9a81b841f,Residents raise concerns over discolored water in southern New Mexico,doc,1
doc:49593d0bd765814d,CRRUA Meeting: Residents demand clean water,doc,1
doc:219a49fdcac510d0,doc:219a49fdcac510d0,doc,1
doc:b17f367471ffa294,NM Mining Watch Comments on Ablation EA to NRC 9.8.25,doc,1
doc:c501ca9d4b8db566,Southern NM Community Members Tell Legislators BorderPlex Digital “Data Centers Don’t Deliver,doc,1
doc:5e76b459a060c78a,EPA Inspection Report of CRRUA Reveals Widespread Neglect & Disrepair of Water Utility Facility,doc,1
doc:88efb614c1a05939,Empowerment Congress to Hold Community Rally To Demand Safe Drinking Water for All CRRUA Customers and Consumers,doc,1
doc:fac2ae7ce2cd7473,EPA Conducts On-site Inspection of CRRUA,doc,1
doc:cd01e4e9c4e70aa8,EPA Launches Investigation of ABQ City Council for Possible Civil Rights Violations,doc,1
doc:a23ab1dbf6be0e9f,EPA Signs Action Memo to Move Uranium Mine Waste from Churchrock to Red Rock Landfill,doc,1
doc:ac0c0e241073490b,NMELC Names ABQ City Council President Dan Lewis & Other Councilors Toxic Polluters of the Year for 2024,doc,1
doc:bf4fab660eb85446,New Report Reveals LANL Tritium Venting Could Have Triple the Radiation Exposure to Infants Compared to Adults,doc,1
doc:4fd76923c0eb81c6,12/12/25 Letter to NMED -Acoma LLC Applications,doc,1
doc:d4b0b01ffde31a26,doc:d4b0b01ffde31a26,doc,1
doc:73dcfdd61522c707,doc:73dcfdd61522c707,doc,1
doc:f4a4917584b5cf7e,doc:f4a4917584b5cf7e,doc,1
doc:14dde5c76b0cf7af,doc:14dde5c76b0cf7af,doc,1
doc:ef28326806179694,doc:ef28326806179694,doc,1
doc:77ac822654e45934,doc:77ac822654e45934,doc,1
doc:d13b98cda114134d,doc:d13b98cda114134d,doc,1
doc:deb39197a38c4b4d,doc:deb39197a38c4b4d,doc,1
doc:7b97f8c8ad296518,doc:7b97f8c8ad296518,doc,1
doc:a5373b7172ad9b43,doc:a5373b7172ad9b43,doc,1
doc:914d9b2d87d4a624,doc:914d9b2d87d4a624,doc,1
doc:4be9cb89cf22ec84,doc:4be9cb89cf22ec84,doc,1
doc:fb0c93231926e102,doc:fb0c93231926e102,doc,1
doc:53c6b9c986d6ee45,doc:53c6b9c986d6ee45,doc,1
doc:41dee7943cd3eee1,doc:41dee7943cd3eee1,doc,1
doc:9e83225d9a1757cb,doc:9e83225d9a1757cb,doc,1
doc:c1a068ecd32fe014,doc:c1a068ecd32fe014,doc,1
doc:74cbd7200f73bffc,doc:74cbd7200f73bffc,doc,1
doc:b7b4106368ea02df,doc:b7b4106368ea02df,doc,1
doc:e4960afe389ca474,doc:e4960afe389ca474,doc,1
doc:422bdfe87b1b6d6a,doc:422bdfe87b1b6d6a,doc,1
doc:9d9cd36735fba8c8,doc:9d9cd36735fba8c8,doc,1
doc:7e49f0681e4755b7,doc:7e49f0681e4755b7,doc,1
doc:a62b7d5ea2f71d24,doc:a62b7d5ea2f71d24,doc,1
doc:8c645c702b83ebcb,doc:8c645c702b83ebcb,doc,1
doc:7a74ea91bb05fe85,doc:7a74ea91bb05fe85,doc,1
doc:54a0790bb5463a86,doc:54a0790bb5463a86,doc,1
doc:8198cdb57b1b41fd,doc:8198cdb57b1b41fd,doc,1
doc:2776a6005d0210ec,doc:2776a6005d0210ec,doc,1
doc:23625eac888be0e4,doc:23625eac888be0e4,doc,1
doc:02625c225fc21acd,doc:02625c225fc21acd,doc,1
doc:3621a75beda049d5,doc:3621a75beda049d5,doc,1
doc:f7801614512f61a7,doc:f7801614512f61a7,doc,1
doc:ab46937af17d88f8,doc:ab46937af17d88f8,doc,1
doc:ef45bca4e088363a,doc:ef45bca4e088363a,doc,1
doc:4c14400291da8aa7,doc:4c14400291da8aa7,doc,1
doc:148a5a44d1a52ada,"Judge halts end of TPS for 60,000 migrants from Honduras, Nepal, Nicaragua",doc,1
doc:fd7294b2c27ad959,Will Smith sued by former tour violinist for sexual harassment and wrongful termination,doc,1
doc:c6689124d74347e8,"'Boston Rob,' Cirie Fields & Phaedra Parks reveal who they're excited to see on 'Traitors'",doc,1
doc:a159f2e12b00c9f3,"Who is YouTuber Nick Shirley, who shined a light on alleged fraud at Minnesota daycares?",doc,1
doc:6317790f1cfe93ec,FBI thwarts 'potential terrorist attack' on New Year's Eve in NC inspired by ISIS,doc,1
doc:f588798b5bb77cd8,Vado crash case reopens as mother pleads not guilty to charges in deadly DUI incident,doc,1
doc:c85008022f11894a,GOP chair seeks probe into subsidized child care facilities over fraud concerns,doc,1
doc:33536fa71496ecec,VOTE: Should the government freeze child care to all states in wake of Minnesota fraud?,doc,1
doc:81fd2b71a2a0c5f2,El Paso's Jalisco Cafe celebrates World Menudo Day with free menudo for a year,doc,1
doc:a00b99febedaa2a2,Eastlake HS senior performs in 2026 Rose Parade Honor Band,doc,1
doc:2752c7563e2e8eb8,First baby of 2026 born at University Medical Center of El Paso,doc,1
doc:99dee9ef26c68797,Motorcycle and vehicle crash at Alameda and Pera leaves one seriously injured,doc,1
doc:4a310a07278343c7,"El Paso businesses gain inventory tax break, local governments weigh revenue concerns",doc,1
doc:674de5de8f73b558,"El Paso Content Concerns | News, Weather, Sports, Breaking News",doc,1
doc:532c197da89e4c4c,Las Cruces police video highlights alarming rise in juvenile crime linked to social media,doc,1
doc:f5ebcb59851129b9,Fatal crash in northeast El Paso leaves one dead,doc,1
doc:3c021b59ab6c756f,Immigration raid in El Paso neighborhood leaves residents shaken,doc,1
doc:b81c6122e3a133e9,Beloved Borderland artist grapples with cancer diagnosis,doc,1
doc:1ef5500c4ff1b7ba,Texas Western Hall to open as UTEP closes Liberal Arts Building for renovations,doc,1
doc:115dd224b1e45da3,NYC Mayor Mamdani faces backlash for revoking antisemitism orders by predecessor,doc,1
doc:ec57ffdf25cc2c49,Legal experts foresee court battles over denaturalization efforts in fraud scandal,doc,1
doc:8fba0f948474325e,Elderly man's note for help in mailbox leads to caregiver's arrest in Lantana,doc,1
doc:119ca355b3d832e2,Arizona State falls to Duke in 2025 Sun Bowl,doc,1
doc:5003dc99b68abac2,Previewing the 92nd Sun Bowl,doc,1
doc:8927f12369ea4660,ASU and Duke visit Fort Bliss,doc,1
doc:d86e7b8ddeb1d416,"All the reasons Dave Chappelle calls Ohio home over Hollywood, in his own words",doc,1
doc:78146bcd4ebdf0dc,Daughter of Tommy Lee Jones found dead at San Francisco hotel on New Year's Day: report,doc,1
doc:4fdd1b638d099227,Mortgage rates hold steady after Fed rate cut,doc,1
doc:d6739e96f2593f7a,Mortgage rates dip back down following Fed cut,doc,1
doc:4d6c6338b7a5c1ff,"FHA vs. VA loans: What’s the difference, and which is better for you?",doc,1
doc:1ed3ce0a00cff203,There’s still a nationwide shortage of homes — so why are sellers getting desperate in some places?,doc,1
doc:b4b212a78d6b9cd5,"Survey: Fewer Americans believe their finances will improve in the year ahead, compared to past 2 years",doc,1
doc:2b95a46b863254b2,doc:2b95a46b863254b2,doc,1
doc:d8f801a2234fa2b4,doc:d8f801a2234fa2b4,doc,1
doc:2d4dd85ece82a547,doc:2d4dd85ece82a547,doc,1
doc:c8188d9d160ac622,LATEST NEWS,doc,1
doc:fded174d11ca4033,Watch Spectrum News+,doc,1
doc:03bfbf36d200300b,Mira Spectrum Noticias,doc,1
doc:ae2fa29c54eb0caf,Spectrum News | Alabama,doc,1
doc:f1ab8c8c86a42933,WATCH SPECTRUM NEWS 1,doc,1
doc:ffcd62808d9422c0,Mira Spectrum Noticias Los Angeles,doc,1
doc:7e0bc9d0e960895f,Watch Spectrum News 13,doc,1
doc:7f8ec084a8a456bb,"Spectrum Bay News 9 | Tampa Bay Area News, Weather & Traffic",doc,1
doc:d4adaa436d2b6ce9,Mira Spectrum Noticias Florida,doc,1
doc:c1f652a110b6eeb2,Spectrum News | Georgia,doc,1
doc:57c0b6db38eeb974,Watch Spectrum News+,doc,1
doc:0f02a41b0d78296c,Watch Spectrum News,doc,1
doc:d4c51249b8734f37,Watch Spectrum News 1,doc,1
doc:d0e4236622589ddb,Watch Spectrum News 1,doc,1
doc:f385b630e9de360c,Watch Spectrum News 1,doc,1
doc:fe753aae673c7c77,Watch Spectrum News 1,doc,1
doc:f37f3bc5174e345a,Watch Spectrum News,doc,1
doc:1d7daa8e0684af4d,Watch Spectrum News 1,doc,1
doc:62b8db9948c85850,Spectrum News | Michigan,doc,1
doc:a512cf020b2a10e6,Watch Spectrum News,doc,1
doc:c720c78a0e009300,Watch Spectrum News NY1,doc,1
doc:3eb10705bcd65e89,Mira Spectrum Noticias NYC,doc,1
doc:fd3c68b4f733e9d2,Watch Spectrum News 1,doc,1
doc:4965c1aee0917cd7,Watch Spectrum News 1,doc,1
doc:e6ce1beeb1a5e3e5,Watch Spectrum News 1,doc,1
doc:45526c74ad6adcfd,Watch Spectrum News 1,doc,1
doc:8a4a3cf59c39b77c,Watch Spectrum News 1,doc,1
doc:071b43e2b29d8980,Watch Spectrum News 1,doc,1
doc:5bb4b12c4dac1794,Watch Spectrum News 1,doc,1
doc:9617696b4821a7ad,Watch Spectrum News 1,doc,1
doc:6e7f0565eb2c1e50,Watch Spectrum News 1,doc,1
doc:2beeda98e61c20e7,Watch Spectrum News 1,doc,1
doc:ca1ef6a02e875e53,Watch Spectrum News 1,doc,1
doc:e245f65d1d9e607e,Watch Spectrum News 1,doc,1
doc:a33bdb39a02d70b5,Watch Spectrum News 1,doc,1
doc:e0daae799eaab172,Watch Spectrum News 1,doc,1
doc:243f105093962708,Watch Spectrum News 1,doc,1
doc:645f5331e1f92f31,Watch Spectrum News 1,doc,1
doc:d87f9ba288b05928,Watch Spectrum News 1,doc,1
doc:eafe21e5ec65a207,Spectrum News | South Carolina,doc,1
doc:ea2c7df9e78152b6,WATCH SPECTRUM NEWS 1,doc,1
doc:cadcac72e6bf8667,WATCH SPECTRUM NEWS 1,doc,1
doc:1c5ff5615e10ef5a,WATCH SPECTRUM NEWS 1,doc,1
doc:557cafae6e94fde4,Watch Spectrum News 1,doc,1
doc:0fee3d86407fcef0,Watch Spectrum News 1,doc,1
doc:43131cfe2a8fdded,Watch Spectrum News 1,doc,1
doc:6f71d12c244b21d9,404,doc,1
doc:49a7d1ee6e8fd9c2,404,doc,1
doc:f392e35785906ce7,EXPLORING YOUR HEALTH,doc,1
doc:1208b7446ae42353,EXPLORING YOUR HEALTH: ADDITIONAL RESOURCES,doc,1
doc:7ed0e969dea8dbc8,doc:7ed0e969dea8dbc8,doc,1
doc:2b9e48643f733ac2,doc:2b9e48643f733ac2,doc,1
doc:a6d86372fb6a0ff0,THE BIG DEAL EPISODES,doc,1
doc:3f6725dd56186083,LATEST NEWS,doc,1
doc:ae9c66b7dcbd95c7,Spectrum News | Download Our App,doc,1
doc:5bea2b763f8c31d1,Storm Season News,doc,1
doc:3e2439a63bc017a2,LATEST NEWS,doc,1
doc:357a1430508ae01e,SXSW NEWS,doc,1
doc:41b5b811bfb8c205,ACL FEST NEWS,doc,1
doc:882af99c7b382a3d,AUSTIN EVENTS,doc,1
doc:9f8c2ac856dae414,BBQ Guide,doc,1
doc:0010dfd831a1208e,Tex-Mex Guide,doc,1
doc:91349832e754a6cb,Food Truck Guide,doc,1
doc:5352b0a0ac89fca5,AUSTIN FOOD NEWS,doc,1
doc:ab2a7dcd919e4a4a,Murals Tell Stories of Austin’s Complex History,doc,1
doc:dde12fc668c26855,How Texas Government Works | Texas Politics,doc,1
doc:88a177c0150f155f,doc:88a177c0150f155f,doc,1
domain:contentmanager.spectrumlocalnews.com,contentmanager.spectrumlocalnews.com,domain,1
doc:0e820ae47d2016bd,404,doc,1
doc:68ee828a246d8e55,Spectrum News | Download Our App,doc,1
doc:6033a77971835148,doc:6033a77971835148,doc,1
doc:6d618484b0f576f4,doc:6d618484b0f576f4,doc,1
doc:ae940974590665f5,doc:ae940974590665f5,doc,1
doc:de832691eb2d3049,doc:de832691eb2d3049,doc,1
doc:b9ec071447e04c7b,doc:b9ec071447e04c7b,doc,1
doc:2ea694b6cd7402ab,doc:2ea694b6cd7402ab,doc,1
doc:2245f6aab5a00c41,doc:2245f6aab5a00c41,doc,1
doc:ab7a62fd9d4a7333,doc:ab7a62fd9d4a7333,doc,1
doc:53a625c7744c5278,Spectrum News,doc,1
doc:678c2a1e2e054692,TRENDING TOPICS,doc,1
doc:e58e7e04f30a11bd,MILITARY,doc,1
doc:ac78bb72ebdfa750,RECALLS,doc,1
doc:4dd55254eb3db753,LATEST NEWS,doc,1
doc:a09469cf63a521b1,LATEST NEWS,doc,1
doc:9cbd7ede22d408eb,LATEST NEWS,doc,1
doc:7b6a872bfb9974d9,404,doc,1
doc:d560d9d0d0819d7f,TRAFFIC & GROWTH,doc,1
doc:b61733c30b2dc51c,Traffic Inbox | Austin,doc,1
doc:e5862583b266448f,THINGS TO DO,doc,1
doc:30f4bdcbc42fe18e,PUBLIC SAFETY,doc,1
doc:3fd27d6be32d54dd,Safety Resources | Austin Texas,doc,1
doc:07a60f58f4e68627,404,doc,1
doc:ba09fb28c0469baf,404,doc,1
doc:aa188e536b3e7b89,STORIES FROM OUR WASHINGTON REPORTERS,doc,1
doc:e5e5b0651edfe9cb,Terms of Use | Austin Texas,doc,1
